filename,file_size,file_attributes,region_count,region_id,region_shape_attributes,region_attributes
1red applee02901.png,225163,"{}",3,0,"{""name"":""rect"",""x"":81,""y"":42,""width"":109,""height"":101}","{""fruta"":""manzana""}"
1red applee02901.png,225163,"{}",3,1,"{""name"":""rect"",""x"":191,""y"":31,""width"":119,""height"":102}","{""fruta"":""manzana""}"
1red applee02901.png,225163,"{}",3,2,"{""name"":""rect"",""x"":119,""y"":135,""width"":135,""height"":124}","{""fruta"":""manzana""}"
2red applee03301.png,248604,"{}",5,0,"{""name"":""rect"",""x"":78,""y"":42,""width"":116,""height"":100}","{""fruta"":""manzana""}"
2red applee03301.png,248604,"{}",5,1,"{""name"":""rect"",""x"":121,""y"":135,""width"":126,""height"":133}","{""fruta"":""manzana""}"
2red applee03301.png,248604,"{}",5,2,"{""name"":""rect"",""x"":248,""y"":146,""width"":110,""height"":133}","{""fruta"":""manzana""}"
2red applee03301.png,248604,"{}",5,3,"{""name"":""rect"",""x"":306,""y"":44,""width"":100,""height"":99}","{""fruta"":""manzana""}"
2red applee03301.png,248604,"{}",5,4,"{""name"":""rect"",""x"":195,""y"":29,""width"":113,""height"":111}","{""fruta"":""manzana""}"
3red applee03501.png,247422,"{}",7,0,"{""name"":""rect"",""x"":4,""y"":10,""width"":98,""height"":87}","{""fruta"":""manzana""}"
3red applee03501.png,247422,"{}",7,1,"{""name"":""rect"",""x"":200,""y"":27,""width"":105,""height"":110}","{""fruta"":""manzana""}"
3red applee03501.png,247422,"{}",7,2,"{""name"":""rect"",""x"":300,""y"":47,""width"":107,""height"":109}","{""fruta"":""manzana""}"
3red applee03501.png,247422,"{}",7,3,"{""name"":""rect"",""x"":358,""y"":140,""width"":117,""height"":96}","{""fruta"":""manzana""}"
3red applee03501.png,247422,"{}",7,4,"{""name"":""rect"",""x"":124,""y"":127,""width"":127,""height"":133}","{""fruta"":""manzana""}"
3red applee03501.png,247422,"{}",7,5,"{""name"":""rect"",""x"":248,""y"":140,""width"":102,""height"":137}","{""fruta"":""manzana""}"
3red applee03501.png,247422,"{}",7,6,"{""name"":""rect"",""x"":85,""y"":39,""width"":107,""height"":117}","{""fruta"":""manzana""}"
4red applee03601.png,251256,"{}",7,0,"{""name"":""rect"",""x"":21,""y"":102,""width"":107,""height"":147}","{""fruta"":""manzana""}"
4red applee03601.png,251256,"{}",7,1,"{""name"":""rect"",""x"":121,""y"":128,""width"":142,""height"":129}","{""fruta"":""manzana""}"
4red applee03601.png,251256,"{}",7,2,"{""name"":""rect"",""x"":250,""y"":124,""width"":104,""height"":148}","{""fruta"":""manzana""}"
4red applee03601.png,251256,"{}",7,3,"{""name"":""rect"",""x"":356,""y"":129,""width"":120,""height"":125}","{""fruta"":""manzana""}"
4red applee03601.png,251256,"{}",7,4,"{""name"":""rect"",""x"":304,""y"":33,""width"":103,""height"":124}","{""fruta"":""manzana""}"
4red applee03601.png,251256,"{}",7,5,"{""name"":""rect"",""x"":188,""y"":10,""width"":117,""height"":130}","{""fruta"":""manzana""}"
4red applee03601.png,251256,"{}",7,6,"{""name"":""rect"",""x"":92,""y"":38,""width"":95,""height"":96}","{""fruta"":""manzana""}"
6red applee03801.png,248373,"{}",8,0,"{""name"":""rect"",""x"":0,""y"":110,""width"":113,""height"":125}","{""fruta"":""manzana""}"
6red applee03801.png,248373,"{}",8,1,"{""name"":""rect"",""x"":119,""y"":128,""width"":136,""height"":135}","{""fruta"":""manzana""}"
6red applee03801.png,248373,"{}",8,2,"{""name"":""rect"",""x"":245,""y"":74,""width"":154,""height"":114}","{""fruta"":""manzana""}"
6red applee03801.png,248373,"{}",8,3,"{""name"":""rect"",""x"":87,""y"":44,""width"":108,""height"":91}","{""fruta"":""manzana""}"
6red applee03801.png,248373,"{}",8,4,"{""name"":""rect"",""x"":199,""y"":17,""width"":108,""height"":128}","{""fruta"":""manzana""}"
6red applee03801.png,248373,"{}",8,5,"{""name"":""rect"",""x"":245,""y"":155,""width"":114,""height"":110}","{""fruta"":""manzana""}"
6red applee03801.png,248373,"{}",8,6,"{""name"":""rect"",""x"":320,""y"":38,""width"":92,""height"":91}","{""fruta"":""manzana""}"
6red applee03801.png,248373,"{}",8,7,"{""name"":""rect"",""x"":364,""y"":134,""width"":113,""height"":99}","{""fruta"":""manzana""}"
11red applee04901.png,248738,"{}",10,0,"{""name"":""rect"",""x"":37,""y"":76,""width"":152,""height"":110}","{""fruta"":""manzana""}"
11red applee04901.png,248738,"{}",10,1,"{""name"":""rect"",""x"":245,""y"":70,""width"":154,""height"":114}","{""fruta"":""manzana""}"
11red applee04901.png,248738,"{}",10,2,"{""name"":""rect"",""x"":173,""y"":201,""width"":119,""height"":116}","{""fruta"":""manzana""}"
11red applee04901.png,248738,"{}",10,3,"{""name"":""rect"",""x"":363,""y"":136,""width"":112,""height"":106}","{""fruta"":""manzana""}"
11red applee04901.png,248738,"{}",10,4,"{""name"":""rect"",""x"":253,""y"":159,""width"":107,""height"":109}","{""fruta"":""manzana""}"
11red applee04901.png,248738,"{}",10,5,"{""name"":""rect"",""x"":1,""y"":113,""width"":103,""height"":120}","{""fruta"":""manzana""}"
11red applee04901.png,248738,"{}",10,6,"{""name"":""rect"",""x"":191,""y"":27,""width"":110,""height"":98}","{""fruta"":""manzana""}"
11red applee04901.png,248738,"{}",10,7,"{""name"":""rect"",""x"":121,""y"":135,""width"":130,""height"":135}","{""fruta"":""manzana""}"
11red applee04901.png,248738,"{}",10,8,"{""name"":""rect"",""x"":320,""y"":30,""width"":101,""height"":92}","{""fruta"":""manzana""}"
11red applee04901.png,248738,"{}",10,9,"{""name"":""rect"",""x"":92,""y"":35,""width"":109,""height"":83}","{""fruta"":""manzana""}"
14red applee05201.png,243648,"{}",10,0,"{""name"":""rect"",""x"":37,""y"":70,""width"":149,""height"":119}","{""fruta"":""manzana""}"
14red applee05201.png,243648,"{}",10,1,"{""name"":""rect"",""x"":244,""y"":69,""width"":156,""height"":121}","{""fruta"":""manzana""}"
14red applee05201.png,243648,"{}",10,2,"{""name"":""rect"",""x"":167,""y"":203,""width"":113,""height"":116}","{""fruta"":""manzana""}"
14red applee05201.png,243648,"{}",10,3,"{""name"":""rect"",""x"":257,""y"":149,""width"":94,""height"":117}","{""fruta"":""manzana""}"
14red applee05201.png,243648,"{}",10,4,"{""name"":""rect"",""x"":360,""y"":127,""width"":116,""height"":116}","{""fruta"":""manzana""}"
14red applee05201.png,243648,"{}",10,5,"{""name"":""rect"",""x"":310,""y"":42,""width"":109,""height"":77}","{""fruta"":""manzana""}"
14red applee05201.png,243648,"{}",10,6,"{""name"":""rect"",""x"":193,""y"":22,""width"":110,""height"":106}","{""fruta"":""manzana""}"
14red applee05201.png,243648,"{}",10,7,"{""name"":""rect"",""x"":2,""y"":108,""width"":112,""height"":117}","{""fruta"":""manzana""}"
14red applee05201.png,243648,"{}",10,8,"{""name"":""rect"",""x"":114,""y"":138,""width"":134,""height"":124}","{""fruta"":""manzana""}"
14red applee05201.png,243648,"{}",10,9,"{""name"":""rect"",""x"":83,""y"":37,""width"":113,""height"":78}","{""fruta"":""manzana""}"
15red applee05301.png,248645,"{}",10,0,"{""name"":""rect"",""x"":160,""y"":200,""width"":122,""height"":121}","{""fruta"":""manzana""}"
15red applee05301.png,248645,"{}",10,1,"{""name"":""rect"",""x"":224,""y"":75,""width"":186,""height"":105}","{""fruta"":""manzana""}"
15red applee05301.png,248645,"{}",10,2,"{""name"":""rect"",""x"":40,""y"":59,""width"":136,""height"":125}","{""fruta"":""manzana""}"
15red applee05301.png,248645,"{}",10,3,"{""name"":""rect"",""x"":11,""y"":106,""width"":87,""height"":128}","{""fruta"":""manzana""}"
15red applee05301.png,248645,"{}",10,4,"{""name"":""rect"",""x"":360,""y"":132,""width"":117,""height"":111}","{""fruta"":""manzana""}"
15red applee05301.png,248645,"{}",10,5,"{""name"":""rect"",""x"":262,""y"":161,""width"":90,""height"":112}","{""fruta"":""manzana""}"
15red applee05301.png,248645,"{}",10,6,"{""name"":""rect"",""x"":103,""y"":135,""width"":148,""height"":132}","{""fruta"":""manzana""}"
15red applee05301.png,248645,"{}",10,7,"{""name"":""rect"",""x"":69,""y"":28,""width"":127,""height"":75}","{""fruta"":""manzana""}"
15red applee05301.png,248645,"{}",10,8,"{""name"":""rect"",""x"":308,""y"":28,""width"":106,""height"":88}","{""fruta"":""manzana""}"
15red applee05301.png,248645,"{}",10,9,"{""name"":""rect"",""x"":206,""y"":24,""width"":95,""height"":94}","{""fruta"":""manzana""}"
17red applee05601.png,243784,"{}",10,0,"{""name"":""rect"",""x"":39,""y"":74,""width"":151,""height"":114}","{""fruta"":""manzana""}"
17red applee05601.png,243784,"{}",10,1,"{""name"":""rect"",""x"":263,""y"":68,""width"":124,""height"":118}","{""fruta"":""manzana""}"
17red applee05601.png,243784,"{}",10,2,"{""name"":""rect"",""x"":165,""y"":203,""width"":126,""height"":113}","{""fruta"":""manzana""}"
17red applee05601.png,243784,"{}",10,3,"{""name"":""rect"",""x"":369,""y"":140,""width"":110,""height"":96}","{""fruta"":""manzana""}"
17red applee05601.png,243784,"{}",10,4,"{""name"":""rect"",""x"":258,""y"":166,""width"":105,""height"":97}","{""fruta"":""manzana""}"
17red applee05601.png,243784,"{}",10,5,"{""name"":""rect"",""x"":4,""y"":116,""width"":104,""height"":114}","{""fruta"":""manzana""}"
17red applee05601.png,243784,"{}",10,6,"{""name"":""rect"",""x"":126,""y"":131,""width"":129,""height"":130}","{""fruta"":""manzana""}"
17red applee05601.png,243784,"{}",10,7,"{""name"":""rect"",""x"":319,""y"":40,""width"":90,""height"":77}","{""fruta"":""manzana""}"
17red applee05601.png,243784,"{}",10,8,"{""name"":""rect"",""x"":187,""y"":28,""width"":122,""height"":97}","{""fruta"":""manzana""}"
17red applee05601.png,243784,"{}",10,9,"{""name"":""rect"",""x"":87,""y"":33,""width"":110,""height"":75}","{""fruta"":""manzana""}"
18red applee06701.png,243138,"{}",10,0,"{""name"":""rect"",""x"":25,""y"":80,""width"":139,""height"":133}","{""fruta"":""manzana""}"
18red applee06701.png,243138,"{}",10,1,"{""name"":""rect"",""x"":179,""y"":94,""width"":156,""height"":84}","{""fruta"":""manzana""}"
18red applee06701.png,243138,"{}",10,2,"{""name"":""rect"",""x"":305,""y"":40,""width"":106,""height"":96}","{""fruta"":""manzana""}"
18red applee06701.png,243138,"{}",10,3,"{""name"":""rect"",""x"":359,""y"":134,""width"":118,""height"":113}","{""fruta"":""manzana""}"
18red applee06701.png,243138,"{}",10,4,"{""name"":""rect"",""x"":140,""y"":223,""width"":167,""height"":94}","{""fruta"":""manzana""}"
18red applee06701.png,243138,"{}",10,5,"{""name"":""rect"",""x"":252,""y"":138,""width"":111,""height"":133}","{""fruta"":""manzana""}"
18red applee06701.png,243138,"{}",10,6,"{""name"":""rect"",""x"":0,""y"":111,""width"":106,""height"":133}","{""fruta"":""manzana""}"
18red applee06701.png,243138,"{}",10,7,"{""name"":""rect"",""x"":85,""y"":37,""width"":115,""height"":84}","{""fruta"":""manzana""}"
18red applee06701.png,243138,"{}",10,8,"{""name"":""rect"",""x"":194,""y"":15,""width"":111,""height"":85}","{""fruta"":""manzana""}"
18red applee06701.png,243138,"{}",10,9,"{""name"":""rect"",""x"":123,""y"":122,""width"":104,""height"":124}","{""fruta"":""manzana""}"
Apple 1.png,232182,"{}",7,0,"{""name"":""rect"",""x"":261,""y"":188,""width"":132,""height"":101}","{""fruta"":""manzana""}"
Apple 1.png,232182,"{}",7,1,"{""name"":""rect"",""x"":212,""y"":33,""width"":119,""height"":95}","{""fruta"":""manzana""}"
Apple 1.png,232182,"{}",7,2,"{""name"":""rect"",""x"":102,""y"":103,""width"":122,""height"":106}","{""fruta"":""manzana""}"
Apple 1.png,232182,"{}",7,3,"{""name"":""rect"",""x"":80,""y"":19,""width"":130,""height"":98}","{""fruta"":""manzana""}"
Apple 1.png,232182,"{}",7,4,"{""name"":""rect"",""x"":30,""y"":177,""width"":128,""height"":109}","{""fruta"":""manzana""}"
Apple 1.png,232182,"{}",7,5,"{""name"":""rect"",""x"":305,""y"":95,""width"":111,""height"":112}","{""fruta"":""manzana""}"
Apple 1.png,232182,"{}",7,6,"{""name"":""rect"",""x"":165,""y"":202,""width"":108,""height"":84}","{""fruta"":""manzana""}"
Apple 2.png,210969,"{}",3,0,"{""name"":""rect"",""x"":189,""y"":176,""width"":123,""height"":89}","{""fruta"":""manzana""}"
Apple 2.png,210969,"{}",3,1,"{""name"":""rect"",""x"":60,""y"":182,""width"":140,""height"":105}","{""fruta"":""manzana""}"
Apple 2.png,210969,"{}",3,2,"{""name"":""rect"",""x"":304,""y"":209,""width"":120,""height"":107}","{""fruta"":""manzana""}"
Apple 3.png,206761,"{}",4,0,"{""name"":""rect"",""x"":180,""y"":123,""width"":151,""height"":130}","{""fruta"":""manzana""}"
Apple 3.png,206761,"{}",4,1,"{""name"":""rect"",""x"":2,""y"":148,""width"":144,""height"":137}","{""fruta"":""manzana""}"
Apple 3.png,206761,"{}",4,2,"{""name"":""rect"",""x"":15,""y"":15,""width"":144,""height"":125}","{""fruta"":""manzana""}"
Apple 3.png,206761,"{}",4,3,"{""name"":""rect"",""x"":170,""y"":11,""width"":146,""height"":113}","{""fruta"":""manzana""}"
Apple 4.png,117200,"{}",4,0,"{""name"":""rect"",""x"":186,""y"":63,""width"":99,""height"":99}","{""fruta"":""manzana""}"
Apple 4.png,117200,"{}",4,1,"{""name"":""rect"",""x"":113,""y"":108,""width"":108,""height"":109}","{""fruta"":""manzana""}"
Apple 4.png,117200,"{}",4,2,"{""name"":""rect"",""x"":12,""y"":72,""width"":107,""height"":104}","{""fruta"":""manzana""}"
Apple 4.png,117200,"{}",4,3,"{""name"":""rect"",""x"":2,""y"":167,""width"":114,""height"":88}","{""fruta"":""manzana""}"
Apple 5.png,234054,"{}",7,0,"{""name"":""rect"",""x"":198,""y"":166,""width"":120,""height"":102}","{""fruta"":""manzana""}"
Apple 5.png,234054,"{}",7,1,"{""name"":""rect"",""x"":290,""y"":112,""width"":107,""height"":99}","{""fruta"":""manzana""}"
Apple 5.png,234054,"{}",7,2,"{""name"":""rect"",""x"":173,""y"":74,""width"":118,""height"":98}","{""fruta"":""manzana""}"
Apple 5.png,234054,"{}",7,3,"{""name"":""rect"",""x"":103,""y"":31,""width"":107,""height"":95}","{""fruta"":""manzana""}"
Apple 5.png,234054,"{}",7,4,"{""name"":""rect"",""x"":6,""y"":78,""width"":124,""height"":88}","{""fruta"":""manzana""}"
Apple 5.png,234054,"{}",7,5,"{""name"":""rect"",""x"":3,""y"":166,""width"":107,""height"":101}","{""fruta"":""manzana""}"
Apple 5.png,234054,"{}",7,6,"{""name"":""rect"",""x"":97,""y"":190,""width"":111,""height"":114}","{""fruta"":""manzana""}"
Apple 6.png,115999,"{}",4,0,"{""name"":""rect"",""x"":184,""y"":61,""width"":105,""height"":101}","{""fruta"":""manzana""}"
Apple 6.png,115999,"{}",4,1,"{""name"":""rect"",""x"":110,""y"":103,""width"":101,""height"":104}","{""fruta"":""manzana""}"
Apple 6.png,115999,"{}",4,2,"{""name"":""rect"",""x"":16,""y"":82,""width"":103,""height"":97}","{""fruta"":""manzana""}"
Apple 6.png,115999,"{}",4,3,"{""name"":""rect"",""x"":2,""y"":163,""width"":116,""height"":93}","{""fruta"":""manzana""}"
Apple 7.png,226675,"{}",7,0,"{""name"":""rect"",""x"":209,""y"":130,""width"":127,""height"":92}","{""fruta"":""manzana""}"
Apple 7.png,226675,"{}",7,1,"{""name"":""rect"",""x"":240,""y"":29,""width"":107,""height"":113}","{""fruta"":""manzana""}"
Apple 7.png,226675,"{}",7,2,"{""name"":""rect"",""x"":368,""y"":204,""width"":111,""height"":115}","{""fruta"":""manzana""}"
Apple 7.png,226675,"{}",7,3,"{""name"":""rect"",""x"":170,""y"":213,""width"":130,""height"":103}","{""fruta"":""manzana""}"
Apple 7.png,226675,"{}",7,4,"{""name"":""rect"",""x"":90,""y"":103,""width"":117,""height"":105}","{""fruta"":""manzana""}"
Apple 7.png,226675,"{}",7,5,"{""name"":""rect"",""x"":45,""y"":199,""width"":127,""height"":105}","{""fruta"":""manzana""}"
Apple 7.png,226675,"{}",7,6,"{""name"":""rect"",""x"":7,""y"":64,""width"":109,""height"":106}","{""fruta"":""manzana""}"
Apple 8.png,116792,"{}",4,0,"{""name"":""rect"",""x"":184,""y"":55,""width"":103,""height"":111}","{""fruta"":""manzana""}"
Apple 8.png,116792,"{}",4,1,"{""name"":""rect"",""x"":120,""y"":113,""width"":96,""height"":102}","{""fruta"":""manzana""}"
Apple 8.png,116792,"{}",4,2,"{""name"":""rect"",""x"":23,""y"":84,""width"":98,""height"":95}","{""fruta"":""manzana""}"
Apple 8.png,116792,"{}",4,3,"{""name"":""rect"",""x"":1,""y"":173,""width"":107,""height"":84}","{""fruta"":""manzana""}"
Apple 9.png,116776,"{}",4,0,"{""name"":""rect"",""x"":114,""y"":106,""width"":101,""height"":110}","{""fruta"":""manzana""}"
Apple 9.png,116776,"{}",4,1,"{""name"":""rect"",""x"":190,""y"":58,""width"":100,""height"":110}","{""fruta"":""manzana""}"
Apple 9.png,116776,"{}",4,2,"{""name"":""rect"",""x"":21,""y"":92,""width"":100,""height"":88}","{""fruta"":""manzana""}"
Apple 9.png,116776,"{}",4,3,"{""name"":""rect"",""x"":0,""y"":173,""width"":109,""height"":85}","{""fruta"":""manzana""}"
Apple 10.png,226580,"{}",7,0,"{""name"":""rect"",""x"":178,""y"":212,""width"":121,""height"":105}","{""fruta"":""manzana""}"
Apple 10.png,226580,"{}",7,1,"{""name"":""rect"",""x"":214,""y"":124,""width"":122,""height"":100}","{""fruta"":""manzana""}"
Apple 10.png,226580,"{}",7,2,"{""name"":""rect"",""x"":240,""y"":45,""width"":112,""height"":89}","{""fruta"":""manzana""}"
Apple 10.png,226580,"{}",7,3,"{""name"":""rect"",""x"":362,""y"":188,""width"":117,""height"":126}","{""fruta"":""manzana""}"
Apple 10.png,226580,"{}",7,4,"{""name"":""rect"",""x"":86,""y"":91,""width"":128,""height"":113}","{""fruta"":""manzana""}"
Apple 10.png,226580,"{}",7,5,"{""name"":""rect"",""x"":8,""y"":59,""width"":113,""height"":108}","{""fruta"":""manzana""}"
Apple 10.png,226580,"{}",7,6,"{""name"":""rect"",""x"":52,""y"":193,""width"":118,""height"":107}","{""fruta"":""manzana""}"
Apple Ce00151.png,204069,"{}",1,0,"{""name"":""rect"",""x"":164,""y"":128,""width"":118,""height"":90}","{""fruta"":""manzana""}"
Apple Ce00301.png,205780,"{}",1,0,"{""name"":""rect"",""x"":163,""y"":116,""width"":106,""height"":94}","{""fruta"":""manzana""}"
Apple Ce00601.png,205896,"{}",1,0,"{""name"":""rect"",""x"":179,""y"":62,""width"":100,""height"":96}","{""fruta"":""manzana""}"
Apple Ce00631.png,210564,"{}",1,0,"{""name"":""rect"",""x"":169,""y"":65,""width"":111,""height"":102}","{""fruta"":""manzana""}"
Apple Ce01231.png,210877,"{}",1,0,"{""name"":""rect"",""x"":185,""y"":96,""width"":108,""height"":96}","{""fruta"":""manzana""}"
Apple Ce01291.png,211975,"{}",2,0,"{""name"":""rect"",""x"":188,""y"":101,""width"":106,""height"":92}","{""fruta"":""manzana""}"
Apple Ce01291.png,211975,"{}",2,1,"{""name"":""rect"",""x"":247,""y"":178,""width"":101,""height"":97}","{""fruta"":""manzana""}"
Apple Ce01321.png,215645,"{}",2,0,"{""name"":""rect"",""x"":192,""y"":84,""width"":101,""height"":106}","{""fruta"":""manzana""}"
Apple Ce01321.png,215645,"{}",2,1,"{""name"":""rect"",""x"":245,""y"":180,""width"":104,""height"":77}","{""fruta"":""manzana""}"
Apple Ce01831.png,223377,"{}",4,0,"{""name"":""rect"",""x"":242,""y"":171,""width"":103,""height"":91}","{""fruta"":""manzana""}"
Apple Ce01831.png,223377,"{}",4,1,"{""name"":""rect"",""x"":286,""y"":90,""width"":112,""height"":97}","{""fruta"":""manzana""}"
Apple Ce01831.png,223377,"{}",4,2,"{""name"":""rect"",""x"":181,""y"":88,""width"":114,""height"":98}","{""fruta"":""manzana""}"
Apple Ce01831.png,223377,"{}",4,3,"{""name"":""rect"",""x"":113,""y"":145,""width"":120,""height"":114}","{""fruta"":""manzana""}"
Apple Ce01861.png,222302,"{}",4,0,"{""name"":""rect"",""x"":186,""y"":102,""width"":103,""height"":91}","{""fruta"":""manzana""}"
Apple Ce01861.png,222302,"{}",4,1,"{""name"":""rect"",""x"":288,""y"":103,""width"":112,""height"":83}","{""fruta"":""manzana""}"
Apple Ce01861.png,222302,"{}",4,2,"{""name"":""rect"",""x"":122,""y"":156,""width"":110,""height"":102}","{""fruta"":""manzana""}"
Apple Ce01861.png,222302,"{}",4,3,"{""name"":""rect"",""x"":247,""y"":177,""width"":96,""height"":92}","{""fruta"":""manzana""}"
Apple Ce01891.png,223334,"{}",4,0,"{""name"":""rect"",""x"":245,""y"":178,""width"":95,""height"":86}","{""fruta"":""manzana""}"
Apple Ce01891.png,223334,"{}",4,1,"{""name"":""rect"",""x"":280,""y"":96,""width"":107,""height"":98}","{""fruta"":""manzana""}"
Apple Ce01891.png,223334,"{}",4,2,"{""name"":""rect"",""x"":179,""y"":88,""width"":114,""height"":98}","{""fruta"":""manzana""}"
Apple Ce01891.png,223334,"{}",4,3,"{""name"":""rect"",""x"":115,""y"":153,""width"":116,""height"":108}","{""fruta"":""manzana""}"
Apple De00001.png,101321,"{}",1,0,"{""name"":""rect"",""x"":103,""y"":49,""width"":81,""height"":92}","{""fruta"":""manzana""}"
Apple De00041.png,110194,"{}",1,0,"{""name"":""rect"",""x"":109,""y"":55,""width"":70,""height"":84}","{""fruta"":""manzana""}"
Apple De00081.png,109032,"{}",1,0,"{""name"":""rect"",""x"":103,""y"":56,""width"":78,""height"":83}","{""fruta"":""manzana""}"
Apple De00121.png,108275,"{}",1,0,"{""name"":""rect"",""x"":169,""y"":104,""width"":72,""height"":80}","{""fruta"":""manzana""}"
Apple De00161.png,109888,"{}",1,0,"{""name"":""rect"",""x"":166,""y"":104,""width"":76,""height"":81}","{""fruta"":""manzana""}"
Apple De00241.png,111497,"{}",1,0,"{""name"":""rect"",""x"":196,""y"":33,""width"":68,""height"":73}","{""fruta"":""manzana""}"
Apple De00321.png,110221,"{}",1,0,"{""name"":""rect"",""x"":146,""y"":9,""width"":79,""height"":77}","{""fruta"":""manzana""}"
Apple De00401.png,111823,"{}",1,0,"{""name"":""rect"",""x"":61,""y"":2,""width"":85,""height"":93}","{""fruta"":""manzana""}"
Apple De00441.png,109197,"{}",1,0,"{""name"":""rect"",""x"":66,""y"":6,""width"":80,""height"":77}","{""fruta"":""manzana""}"
Apple De00481.png,113820,"{}",1,0,"{""name"":""rect"",""x"":62,""y"":7,""width"":78,""height"":88}","{""fruta"":""manzana""}"
Apple E001.png,113135,"{}",1,0,"{""name"":""rect"",""x"":115,""y"":102,""width"":71,""height"":75}","{""fruta"":""manzana""}"
Apple E002.png,119064,"{}",1,0,"{""name"":""rect"",""x"":174,""y"":121,""width"":70,""height"":78}","{""fruta"":""manzana""}"
Apple E003.png,119477,"{}",1,0,"{""name"":""rect"",""x"":136,""y"":134,""width"":66,""height"":74}","{""fruta"":""manzana""}"
Apple E004.png,120356,"{}",1,0,"{""name"":""rect"",""x"":53,""y"":31,""width"":73,""height"":71}","{""fruta"":""manzana""}"
Apple E005.png,120299,"{}",1,0,"{""name"":""rect"",""x"":52,""y"":25,""width"":71,""height"":67}","{""fruta"":""manzana""}"
Apple E006.png,117117,"{}",1,0,"{""name"":""rect"",""x"":115,""y"":148,""width"":73,""height"":71}","{""fruta"":""manzana""}"
Apple E007.png,120235,"{}",1,0,"{""name"":""rect"",""x"":163,""y"":4,""width"":66,""height"":78}","{""fruta"":""manzana""}"
Apple E008.png,118812,"{}",1,0,"{""name"":""rect"",""x"":139,""y"":103,""width"":74,""height"":68}","{""fruta"":""manzana""}"
Apple E009.png,121510,"{}",1,0,"{""name"":""rect"",""x"":209,""y"":28,""width"":61,""height"":80}","{""fruta"":""manzana""}"
Apple E0010.png,121142,"{}",1,0,"{""name"":""rect"",""x"":118,""y"":29,""width"":62,""height"":61}","{""fruta"":""manzana""}"
Apple F _0_1.png,95144,"{}",1,0,"{""name"":""rect"",""x"":171,""y"":42,""width"":86,""height"":82}","{""fruta"":""manzana""}"
Apple F _0_25.png,97443,"{}",1,0,"{""name"":""rect"",""x"":138,""y"":60,""width"":81,""height"":86}","{""fruta"":""manzana""}"
Apple F _0_42.png,91999,"{}",3,0,"{""name"":""rect"",""x"":93,""y"":127,""width"":95,""height"":86}","{""fruta"":""manzana""}"
Apple F _0_42.png,91999,"{}",3,1,"{""name"":""rect"",""x"":153,""y"":49,""width"":101,""height"":106}","{""fruta"":""manzana""}"
Apple F _0_42.png,91999,"{}",3,2,"{""name"":""rect"",""x"":201,""y"":2,""width"":86,""height"":87}","{""fruta"":""manzana""}"
Apple F _0_75.png,96924,"{}",1,0,"{""name"":""rect"",""x"":136,""y"":87,""width"":82,""height"":95}","{""fruta"":""manzana""}"
Apple F _0_81.png,94660,"{}",4,0,"{""name"":""rect"",""x"":120,""y"":53,""width"":97,""height"":66}","{""fruta"":""manzana""}"
Apple F _0_81.png,94660,"{}",4,1,"{""name"":""rect"",""x"":68,""y"":90,""width"":77,""height"":77}","{""fruta"":""manzana""}"
Apple F _0_81.png,94660,"{}",4,2,"{""name"":""rect"",""x"":147,""y"":111,""width"":88,""height"":68}","{""fruta"":""manzana""}"
Apple F _0_81.png,94660,"{}",4,3,"{""name"":""rect"",""x"":99,""y"":30,""width"":67,""height"":34}","{""fruta"":""manzana""}"
Apple F _0_86.png,100277,"{}",5,0,"{""name"":""rect"",""x"":77,""y"":43,""width"":82,""height"":88}","{""fruta"":""manzana""}"
Apple F _0_86.png,100277,"{}",5,1,"{""name"":""rect"",""x"":153,""y"":86,""width"":71,""height"":72}","{""fruta"":""manzana""}"
Apple F _0_86.png,100277,"{}",5,2,"{""name"":""rect"",""x"":235,""y"":79,""width"":83,""height"":91}","{""fruta"":""manzana""}"
Apple F _0_86.png,100277,"{}",5,3,"{""name"":""rect"",""x"":205,""y"":8,""width"":84,""height"":64}","{""fruta"":""manzana""}"
Apple F _0_86.png,100277,"{}",5,4,"{""name"":""rect"",""x"":136,""y"":8,""width"":75,""height"":66}","{""fruta"":""manzana""}"
Apple F _0_111.png,98449,"{}",3,0,"{""name"":""rect"",""x"":135,""y"":122,""width"":85,""height"":110}","{""fruta"":""manzana""}"
Apple F _0_111.png,98449,"{}",3,1,"{""name"":""rect"",""x"":199,""y"":67,""width"":75,""height"":109}","{""fruta"":""manzana""}"
Apple F _0_111.png,98449,"{}",3,2,"{""name"":""rect"",""x"":209,""y"":167,""width"":79,""height"":86}","{""fruta"":""manzana""}"
Apple F _0_114.png,90035,"{}",1,0,"{""name"":""rect"",""x"":72,""y"":83,""width"":81,""height"":77}","{""fruta"":""manzana""}"
Apple F _0_136.png,101651,"{}",5,0,"{""name"":""rect"",""x"":29,""y"":92,""width"":91,""height"":113}","{""fruta"":""manzana""}"
Apple F _0_136.png,101651,"{}",5,1,"{""name"":""rect"",""x"":135,""y"":95,""width"":89,""height"":118}","{""fruta"":""manzana""}"
Apple F _0_136.png,101651,"{}",5,2,"{""name"":""rect"",""x"":194,""y"":1,""width"":71,""height"":79}","{""fruta"":""manzana""}"
Apple F _0_136.png,101651,"{}",5,3,"{""name"":""rect"",""x"":3,""y"":21,""width"":58,""height"":97}","{""fruta"":""manzana""}"
Apple F _0_136.png,101651,"{}",5,4,"{""name"":""rect"",""x"":79,""y"":1,""width"":57,""height"":48}","{""fruta"":""manzana""}"
Apple F _0_142.png,102361,"{}",1,0,"{""name"":""rect"",""x"":2,""y"":60,""width"":36,""height"":86}","{""fruta"":""manzana""}"
Banana01.png,131944,"{}",1,0,"{""name"":""rect"",""x"":77,""y"":67,""width"":185,""height"":58}","{""fruta"":""platano""}"
Banana02.png,109040,"{}",2,0,"{""name"":""rect"",""x"":55,""y"":51,""width"":143,""height"":96}","{""fruta"":""platano""}"
Banana02.png,109040,"{}",2,1,"{""name"":""rect"",""x"":97,""y"":162,""width"":114,""height"":92}","{""fruta"":""platano""}"
Banana03.png,115651,"{}",3,0,"{""name"":""rect"",""x"":135,""y"":14,""width"":115,""height"":79}","{""fruta"":""platano""}"
Banana03.png,115651,"{}",3,1,"{""name"":""rect"",""x"":120,""y"":70,""width"":159,""height"":52}","{""fruta"":""platano""}"
Banana03.png,115651,"{}",3,2,"{""name"":""rect"",""x"":109,""y"":125,""width"":163,""height"":80}","{""fruta"":""platano""}"
Banana04.png,125206,"{}",1,0,"{""name"":""rect"",""x"":121,""y"":19,""width"":180,""height"":118}","{""fruta"":""platano""}"
Banana05.png,114832,"{}",2,0,"{""name"":""rect"",""x"":52,""y"":39,""width"":209,""height"":110}","{""fruta"":""platano""}"
Banana05.png,114832,"{}",2,1,"{""name"":""rect"",""x"":91,""y"":110,""width"":165,""height"":143}","{""fruta"":""platano""}"
Banana06.png,122320,"{}",2,0,"{""name"":""rect"",""x"":31,""y"":62,""width"":206,""height"":109}","{""fruta"":""platano""}"
Banana06.png,122320,"{}",2,1,"{""name"":""rect"",""x"":73,""y"":105,""width"":161,""height"":98}","{""fruta"":""platano""}"
Banana07.png,119155,"{}",3,0,"{""name"":""rect"",""x"":73,""y"":141,""width"":190,""height"":80}","{""fruta"":""platano""}"
Banana07.png,119155,"{}",3,1,"{""name"":""rect"",""x"":110,""y"":63,""width"":168,""height"":133}","{""fruta"":""platano""}"
Banana07.png,119155,"{}",3,2,"{""name"":""rect"",""x"":61,""y"":33,""width"":82,""height"":149}","{""fruta"":""platano""}"
Banana08.png,107670,"{}",2,0,"{""name"":""rect"",""x"":91,""y"":117,""width"":152,""height"":130}","{""fruta"":""platano""}"
Banana08.png,107670,"{}",2,1,"{""name"":""rect"",""x"":27,""y"":17,""width"":169,""height"":85}","{""fruta"":""platano""}"
Banana09.png,120780,"{}",1,0,"{""name"":""rect"",""x"":111,""y"":2,""width"":168,""height"":93}","{""fruta"":""platano""}"
Banana010.png,93243,"{}",3,0,"{""name"":""rect"",""x"":56,""y"":109,""width"":192,""height"":72}","{""fruta"":""platano""}"
Banana010.png,93243,"{}",3,1,"{""name"":""rect"",""x"":68,""y"":29,""width"":196,""height"":93}","{""fruta"":""platano""}"
Banana010.png,93243,"{}",3,2,"{""name"":""rect"",""x"":66,""y"":63,""width"":142,""height"":61}","{""fruta"":""platano""}"
Carambola 001.png,120645,"{}",3,0,"{""name"":""rect"",""x"":138,""y"":79,""width"":92,""height"":155}","{""fruta"":""carambola""}"
Carambola 001.png,120645,"{}",3,1,"{""name"":""rect"",""x"":31,""y"":74,""width"":111,""height"":118}","{""fruta"":""carambola""}"
Carambola 001.png,120645,"{}",3,2,"{""name"":""rect"",""x"":166,""y"":7,""width"":107,""height"":114}","{""fruta"":""carambola""}"
Carambola 002.png,78693,"{}",3,0,"{""name"":""rect"",""x"":127,""y"":17,""width"":125,""height"":69}","{""fruta"":""carambola""}"
Carambola 002.png,78693,"{}",3,1,"{""name"":""rect"",""x"":40,""y"":48,""width"":86,""height"":146}","{""fruta"":""carambola""}"
Carambola 002.png,78693,"{}",3,2,"{""name"":""rect"",""x"":2,""y"":7,""width"":83,""height"":105}","{""fruta"":""carambola""}"
Carambola 003.png,108300,"{}",3,0,"{""name"":""rect"",""x"":65,""y"":40,""width"":165,""height"":88}","{""fruta"":""carambola""}"
Carambola 003.png,108300,"{}",3,1,"{""name"":""rect"",""x"":132,""y"":115,""width"":117,""height"":131}","{""fruta"":""carambola""}"
Carambola 003.png,108300,"{}",3,2,"{""name"":""rect"",""x"":253,""y"":74,""width"":63,""height"":104}","{""fruta"":""carambola""}"
Carambola 004.png,102585,"{}",3,0,"{""name"":""rect"",""x"":139,""y"":77,""width"":109,""height"":102}","{""fruta"":""carambola""}"
Carambola 004.png,102585,"{}",3,1,"{""name"":""rect"",""x"":18,""y"":26,""width"":104,""height"":84}","{""fruta"":""carambola""}"
Carambola 004.png,102585,"{}",3,2,"{""name"":""rect"",""x"":76,""y"":96,""width"":75,""height"":130}","{""fruta"":""carambola""}"
Carambola 005.png,97307,"{}",3,0,"{""name"":""rect"",""x"":83,""y"":120,""width"":138,""height"":97}","{""fruta"":""carambola""}"
Carambola 005.png,97307,"{}",3,1,"{""name"":""rect"",""x"":55,""y"":18,""width"":77,""height"":149}","{""fruta"":""carambola""}"
Carambola 005.png,97307,"{}",3,2,"{""name"":""rect"",""x"":132,""y"":29,""width"":81,""height"":100}","{""fruta"":""carambola""}"
Carambola 006.png,115238,"{}",3,0,"{""name"":""rect"",""x"":53,""y"":80,""width"":133,""height"":140}","{""fruta"":""carambola""}"
Carambola 006.png,115238,"{}",3,1,"{""name"":""rect"",""x"":141,""y"":76,""width"":122,""height"":134}","{""fruta"":""carambola""}"
Carambola 006.png,115238,"{}",3,2,"{""name"":""rect"",""x"":86,""y"":22,""width"":86,""height"":107}","{""fruta"":""carambola""}"
Carambola 007.png,116709,"{}",3,0,"{""name"":""rect"",""x"":111,""y"":41,""width"":96,""height"":156}","{""fruta"":""carambola""}"
Carambola 007.png,116709,"{}",3,1,"{""name"":""rect"",""x"":200,""y"":18,""width"":116,""height"":135}","{""fruta"":""carambola""}"
Carambola 007.png,116709,"{}",3,2,"{""name"":""rect"",""x"":57,""y"":1,""width"":118,""height"":50}","{""fruta"":""carambola""}"
Carambola 008.png,110255,"{}",3,0,"{""name"":""rect"",""x"":0,""y"":45,""width"":130,""height"":136}","{""fruta"":""carambola""}"
Carambola 008.png,110255,"{}",3,1,"{""name"":""rect"",""x"":111,""y"":65,""width"":114,""height"":99}","{""fruta"":""carambola""}"
Carambola 008.png,110255,"{}",3,2,"{""name"":""rect"",""x"":8,""y"":15,""width"":123,""height"":81}","{""fruta"":""carambola""}"
Carambola 009.png,107973,"{}",3,0,"{""name"":""rect"",""x"":117,""y"":137,""width"":133,""height"":110}","{""fruta"":""carambola""}"
Carambola 009.png,107973,"{}",3,1,"{""name"":""rect"",""x"":131,""y"":59,""width"":123,""height"":90}","{""fruta"":""carambola""}"
Carambola 009.png,107973,"{}",3,2,"{""name"":""rect"",""x"":12,""y"":137,""width"":104,""height"":81}","{""fruta"":""carambola""}"
Carambola 0010.png,107870,"{}",3,0,"{""name"":""rect"",""x"":83,""y"":62,""width"":76,""height"":160}","{""fruta"":""carambola""}"
Carambola 0010.png,107870,"{}",3,1,"{""name"":""rect"",""x"":145,""y"":33,""width"":110,""height"":167}","{""fruta"":""carambola""}"
Carambola 0010.png,107870,"{}",3,2,"{""name"":""rect"",""x"":24,""y"":4,""width"":94,""height"":63}","{""fruta"":""carambola""}"
Guava01.png,111851,"{}",7,0,"{""name"":""rect"",""x"":125,""y"":53,""width"":82,""height"":61}","{""fruta"":""guayaba""}"
Guava01.png,111851,"{}",7,1,"{""name"":""rect"",""x"":45,""y"":27,""width"":67,""height"":78}","{""fruta"":""guayaba""}"
Guava01.png,111851,"{}",7,2,"{""name"":""rect"",""x"":13,""y"":91,""width"":72,""height"":74}","{""fruta"":""guayaba""}"
Guava01.png,111851,"{}",7,3,"{""name"":""rect"",""x"":111,""y"":129,""width"":76,""height"":60}","{""fruta"":""guayaba""}"
Guava01.png,111851,"{}",7,4,"{""name"":""rect"",""x"":7,""y"":168,""width"":54,""height"":64}","{""fruta"":""guayaba""}"
Guava01.png,111851,"{}",7,5,"{""name"":""rect"",""x"":62,""y"":152,""width"":74,""height"":71}","{""fruta"":""guayaba""}"
Guava01.png,111851,"{}",7,6,"{""name"":""rect"",""x"":129,""y"":179,""width"":75,""height"":63}","{""fruta"":""guayaba""}"
Guava02.png,97336,"{}",7,0,"{""name"":""rect"",""x"":158,""y"":82,""width"":95,""height"":64}","{""fruta"":""guayaba""}"
Guava02.png,97336,"{}",7,1,"{""name"":""rect"",""x"":51,""y"":110,""width"":72,""height"":62}","{""fruta"":""guayaba""}"
Guava02.png,97336,"{}",7,2,"{""name"":""rect"",""x"":111,""y"":39,""width"":57,""height"":76}","{""fruta"":""guayaba""}"
Guava02.png,97336,"{}",7,3,"{""name"":""rect"",""x"":126,""y"":150,""width"":77,""height"":69}","{""fruta"":""guayaba""}"
Guava02.png,97336,"{}",7,4,"{""name"":""rect"",""x"":23,""y"":163,""width"":50,""height"":66}","{""fruta"":""guayaba""}"
Guava02.png,97336,"{}",7,5,"{""name"":""rect"",""x"":72,""y"":164,""width"":57,""height"":78}","{""fruta"":""guayaba""}"
Guava02.png,97336,"{}",7,6,"{""name"":""rect"",""x"":124,""y"":202,""width"":50,""height"":54}","{""fruta"":""guayaba""}"
Guava03.png,110929,"{}",3,0,"{""name"":""rect"",""x"":68,""y"":12,""width"":93,""height"":99}","{""fruta"":""guayaba""}"
Guava03.png,110929,"{}",3,1,"{""name"":""rect"",""x"":179,""y"":9,""width"":63,""height"":83}","{""fruta"":""guayaba""}"
Guava03.png,110929,"{}",3,2,"{""name"":""rect"",""x"":212,""y"":66,""width"":80,""height"":72}","{""fruta"":""guayaba""}"
Guava04.png,118697,"{}",6,0,"{""name"":""rect"",""x"":100,""y"":139,""width"":99,""height"":63}","{""fruta"":""guayaba""}"
Guava04.png,118697,"{}",6,1,"{""name"":""rect"",""x"":41,""y"":164,""width"":83,""height"":71}","{""fruta"":""guayaba""}"
Guava04.png,118697,"{}",6,2,"{""name"":""rect"",""x"":30,""y"":118,""width"":68,""height"":58}","{""fruta"":""guayaba""}"
Guava04.png,118697,"{}",6,3,"{""name"":""rect"",""x"":33,""y"":71,""width"":73,""height"":56}","{""fruta"":""guayaba""}"
Guava04.png,118697,"{}",6,4,"{""name"":""rect"",""x"":106,""y"":42,""width"":86,""height"":54}","{""fruta"":""guayaba""}"
Guava04.png,118697,"{}",6,5,"{""name"":""rect"",""x"":87,""y"":103,""width"":90,""height"":48}","{""fruta"":""guayaba""}"
Guava05.png,81239,"{}",2,0,"{""name"":""rect"",""x"":57,""y"":70,""width"":104,""height"":112}","{""fruta"":""guayaba""}"
Guava05.png,81239,"{}",2,1,"{""name"":""rect"",""x"":136,""y"":1,""width"":91,""height"":99}","{""fruta"":""guayaba""}"
Guava06.png,124464,"{}",5,0,"{""name"":""rect"",""x"":208,""y"":75,""width"":95,""height"":96}","{""fruta"":""guayaba""}"
Guava06.png,124464,"{}",5,1,"{""name"":""rect"",""x"":135,""y"":126,""width"":72,""height"":75}","{""fruta"":""guayaba""}"
Guava06.png,124464,"{}",5,2,"{""name"":""rect"",""x"":94,""y"":54,""width"":87,""height"":79}","{""fruta"":""guayaba""}"
Guava06.png,124464,"{}",5,3,"{""name"":""rect"",""x"":90,""y"":5,""width"":95,""height"":48}","{""fruta"":""guayaba""}"
Guava06.png,124464,"{}",5,4,"{""name"":""rect"",""x"":153,""y"":9,""width"":74,""height"":38}","{""fruta"":""guayaba""}"
Guava07.png,103158,"{}",2,0,"{""name"":""rect"",""x"":191,""y"":31,""width"":96,""height"":97}","{""fruta"":""guayaba""}"
Guava07.png,103158,"{}",2,1,"{""name"":""rect"",""x"":187,""y"":179,""width"":84,""height"":75}","{""fruta"":""guayaba""}"
Guava08.png,88830,"{}",2,0,"{""name"":""rect"",""x"":171,""y"":86,""width"":72,""height"":62}","{""fruta"":""guayaba""}"
Guava08.png,88830,"{}",2,1,"{""name"":""rect"",""x"":228,""y"":24,""width"":74,""height"":78}","{""fruta"":""guayaba""}"
Guava09.png,108732,"{}",3,0,"{""name"":""rect"",""x"":111,""y"":96,""width"":96,""height"":91}","{""fruta"":""guayaba""}"
Guava09.png,108732,"{}",3,1,"{""name"":""rect"",""x"":176,""y"":25,""width"":105,""height"":98}","{""fruta"":""guayaba""}"
Guava09.png,108732,"{}",3,2,"{""name"":""rect"",""x"":193,""y"":121,""width"":81,""height"":96}","{""fruta"":""guayaba""}"
Guava010.png,97694,"{}",2,0,"{""name"":""rect"",""x"":43,""y"":21,""width"":68,""height"":80}","{""fruta"":""guayaba""}"
Guava010.png,97694,"{}",2,1,"{""name"":""rect"",""x"":2,""y"":28,""width"":65,""height"":95}","{""fruta"":""guayaba""}"
Kiwi001.png,104429,"{}",3,0,"{""name"":""rect"",""x"":99,""y"":114,""width"":81,""height"":60}","{""fruta"":""kiwi""}"
Kiwi001.png,104429,"{}",3,1,"{""name"":""rect"",""x"":167,""y"":57,""width"":77,""height"":60}","{""fruta"":""kiwi""}"
Kiwi001.png,104429,"{}",3,2,"{""name"":""rect"",""x"":122,""y"":19,""width"":63,""height"":64}","{""fruta"":""kiwi""}"
Kiwi002.png,123806,"{}",4,0,"{""name"":""rect"",""x"":200,""y"":60,""width"":84,""height"":81}","{""fruta"":""kiwi""}"
Kiwi002.png,123806,"{}",4,1,"{""name"":""rect"",""x"":59,""y"":80,""width"":93,""height"":56}","{""fruta"":""kiwi""}"
Kiwi002.png,123806,"{}",4,2,"{""name"":""rect"",""x"":93,""y"":130,""width"":77,""height"":60}","{""fruta"":""kiwi""}"
Kiwi002.png,123806,"{}",4,3,"{""name"":""rect"",""x"":176,""y"":133,""width"":93,""height"":77}","{""fruta"":""kiwi""}"
Kiwi003.png,112908,"{}",4,0,"{""name"":""rect"",""x"":154,""y"":140,""width"":59,""height"":77}","{""fruta"":""kiwi""}"
Kiwi003.png,112908,"{}",4,1,"{""name"":""rect"",""x"":149,""y"":76,""width"":68,""height"":67}","{""fruta"":""kiwi""}"
Kiwi003.png,112908,"{}",4,2,"{""name"":""rect"",""x"":167,""y"":35,""width"":76,""height"":70}","{""fruta"":""kiwi""}"
Kiwi003.png,112908,"{}",4,3,"{""name"":""rect"",""x"":170,""y"":0,""width"":77,""height"":38}","{""fruta"":""kiwi""}"
Kiwi004.png,118278,"{}",4,0,"{""name"":""rect"",""x"":150,""y"":16,""width"":53,""height"":63}","{""fruta"":""kiwi""}"
Kiwi004.png,118278,"{}",4,1,"{""name"":""rect"",""x"":145,""y"":79,""width"":63,""height"":64}","{""fruta"":""kiwi""}"
Kiwi004.png,118278,"{}",4,2,"{""name"":""rect"",""x"":127,""y"":129,""width"":68,""height"":60}","{""fruta"":""kiwi""}"
Kiwi004.png,118278,"{}",4,3,"{""name"":""rect"",""x"":135,""y"":181,""width"":51,""height"":72}","{""fruta"":""kiwi""}"
Kiwi005.png,105587,"{}",3,0,"{""name"":""rect"",""x"":123,""y"":46,""width"":75,""height"":59}","{""fruta"":""kiwi""}"
Kiwi005.png,105587,"{}",3,1,"{""name"":""rect"",""x"":75,""y"":40,""width"":62,""height"":74}","{""fruta"":""kiwi""}"
Kiwi005.png,105587,"{}",3,2,"{""name"":""rect"",""x"":26,""y"":32,""width"":60,""height"":66}","{""fruta"":""kiwi""}"
Kiwi006.png,109025,"{}",3,0,"{""name"":""rect"",""x"":126,""y"":104,""width"":50,""height"":63}","{""fruta"":""kiwi""}"
Kiwi006.png,109025,"{}",3,1,"{""name"":""rect"",""x"":161,""y"":23,""width"":62,""height"":57}","{""fruta"":""kiwi""}"
Kiwi006.png,109025,"{}",3,2,"{""name"":""rect"",""x"":106,""y"":179,""width"":51,""height"":61}","{""fruta"":""kiwi""}"
Kiwi007.png,114199,"{}",5,0,"{""name"":""rect"",""x"":86,""y"":49,""width"":62,""height"":59}","{""fruta"":""kiwi""}"
Kiwi007.png,114199,"{}",5,1,"{""name"":""rect"",""x"":160,""y"":139,""width"":61,""height"":75}","{""fruta"":""kiwi""}"
Kiwi007.png,114199,"{}",5,2,"{""name"":""rect"",""x"":206,""y"":150,""width"":63,""height"":65}","{""fruta"":""kiwi""}"
Kiwi007.png,114199,"{}",5,3,"{""name"":""rect"",""x"":141,""y"":73,""width"":37,""height"":52}","{""fruta"":""kiwi""}"
Kiwi007.png,114199,"{}",5,4,"{""name"":""rect"",""x"":92,""y"":109,""width"":52,""height"":62}","{""fruta"":""kiwi""}"
Kiwi008.png,96858,"{}",5,0,"{""name"":""rect"",""x"":94,""y"":65,""width"":86,""height"":58}","{""fruta"":""kiwi""}"
Kiwi008.png,96858,"{}",5,1,"{""name"":""rect"",""x"":18,""y"":66,""width"":88,""height"":70}","{""fruta"":""kiwi""}"
Kiwi008.png,96858,"{}",5,2,"{""name"":""rect"",""x"":172,""y"":111,""width"":87,""height"":62}","{""fruta"":""kiwi""}"
Kiwi008.png,96858,"{}",5,3,"{""name"":""rect"",""x"":131,""y"":168,""width"":78,""height"":73}","{""fruta"":""kiwi""}"
Kiwi008.png,96858,"{}",5,4,"{""name"":""rect"",""x"":218,""y"":165,""width"":75,""height"":83}","{""fruta"":""kiwi""}"
Kiwi009.png,108031,"{}",4,0,"{""name"":""rect"",""x"":134,""y"":113,""width"":66,""height"":66}","{""fruta"":""kiwi""}"
Kiwi009.png,108031,"{}",4,1,"{""name"":""rect"",""x"":112,""y"":21,""width"":72,""height"":57}","{""fruta"":""kiwi""}"
Kiwi009.png,108031,"{}",4,2,"{""name"":""rect"",""x"":106,""y"":71,""width"":54,""height"":66}","{""fruta"":""kiwi""}"
Kiwi009.png,108031,"{}",4,3,"{""name"":""rect"",""x"":53,""y"":2,""width"":53,""height"":45}","{""fruta"":""kiwi""}"
Kiwi0010.png,121097,"{}",4,0,"{""name"":""rect"",""x"":126,""y"":93,""width"":85,""height"":65}","{""fruta"":""kiwi""}"
Kiwi0010.png,121097,"{}",4,1,"{""name"":""rect"",""x"":202,""y"":21,""width"":85,""height"":77}","{""fruta"":""kiwi""}"
Kiwi0010.png,121097,"{}",4,2,"{""name"":""rect"",""x"":217,""y"":119,""width"":78,""height"":77}","{""fruta"":""kiwi""}"
Kiwi0010.png,121097,"{}",4,3,"{""name"":""rect"",""x"":145,""y"":167,""width"":92,""height"":58}","{""fruta"":""kiwi""}"
Mango001.png,121472,"{}",3,0,"{""name"":""rect"",""x"":113,""y"":47,""width"":92,""height"":95}","{""fruta"":""mango""}"
Mango001.png,121472,"{}",3,1,"{""name"":""rect"",""x"":228,""y"":98,""width"":91,""height"":107}","{""fruta"":""mango""}"
Mango001.png,121472,"{}",3,2,"{""name"":""rect"",""x"":174,""y"":27,""width"":86,""height"":95}","{""fruta"":""mango""}"
Mango002.png,116778,"{}",2,0,"{""name"":""rect"",""x"":142,""y"":16,""width"":85,""height"":120}","{""fruta"":""mango""}"
Mango002.png,116778,"{}",2,1,"{""name"":""rect"",""x"":73,""y"":166,""width"":95,""height"":84}","{""fruta"":""mango""}"
Mango003.png,115785,"{}",6,0,"{""name"":""rect"",""x"":118,""y"":140,""width"":123,""height"":115}","{""fruta"":""mango""}"
Mango003.png,115785,"{}",6,1,"{""name"":""rect"",""x"":70,""y"":32,""width"":87,""height"":88}","{""fruta"":""mango""}"
Mango003.png,115785,"{}",6,2,"{""name"":""rect"",""x"":148,""y"":49,""width"":121,""height"":72}","{""fruta"":""mango""}"
Mango003.png,115785,"{}",6,3,"{""name"":""rect"",""x"":237,""y"":97,""width"":70,""height"":118}","{""fruta"":""mango""}"
Mango003.png,115785,"{}",6,4,"{""name"":""rect"",""x"":223,""y"":25,""width"":95,""height"":63}","{""fruta"":""mango""}"
Mango003.png,115785,"{}",6,5,"{""name"":""rect"",""x"":101,""y"":3,""width"":118,""height"":58}","{""fruta"":""mango""}"
Mango004.png,120897,"{}",4,0,"{""name"":""rect"",""x"":88,""y"":77,""width"":97,""height"":86}","{""fruta"":""mango""}"
Mango004.png,120897,"{}",4,1,"{""name"":""rect"",""x"":184,""y"":63,""width"":91,""height"":89}","{""fruta"":""mango""}"
Mango004.png,120897,"{}",4,2,"{""name"":""rect"",""x"":141,""y"":156,""width"":86,""height"":98}","{""fruta"":""mango""}"
Mango004.png,120897,"{}",4,3,"{""name"":""rect"",""x"":81,""y"":1,""width"":87,""height"":78}","{""fruta"":""mango""}"
Mango005.png,129114,"{}",2,0,"{""name"":""rect"",""x"":88,""y"":108,""width"":74,""height"":93}","{""fruta"":""mango""}"
Mango005.png,129114,"{}",2,1,"{""name"":""rect"",""x"":157,""y"":105,""width"":84,""height"":80}","{""fruta"":""mango""}"
Mango006.png,112909,"{}",4,0,"{""name"":""rect"",""x"":97,""y"":121,""width"":70,""height"":80}","{""fruta"":""mango""}"
Mango006.png,112909,"{}",4,1,"{""name"":""rect"",""x"":139,""y"":148,""width"":129,""height"":86}","{""fruta"":""mango""}"
Mango006.png,112909,"{}",4,2,"{""name"":""rect"",""x"":55,""y"":2,""width"":111,""height"":60}","{""fruta"":""mango""}"
Mango006.png,112909,"{}",4,3,"{""name"":""rect"",""x"":118,""y"":37,""width"":73,""height"":78}","{""fruta"":""mango""}"
Mango007.png,94349,"{}",5,0,"{""name"":""rect"",""x"":138,""y"":56,""width"":125,""height"":74}","{""fruta"":""mango""}"
Mango007.png,94349,"{}",5,1,"{""name"":""rect"",""x"":75,""y"":101,""width"":152,""height"":71}","{""fruta"":""mango""}"
Mango007.png,94349,"{}",5,2,"{""name"":""rect"",""x"":85,""y"":165,""width"":135,""height"":78}","{""fruta"":""mango""}"
Mango007.png,94349,"{}",5,3,"{""name"":""rect"",""x"":3,""y"":70,""width"":126,""height"":84}","{""fruta"":""mango""}"
Mango007.png,94349,"{}",5,4,"{""name"":""rect"",""x"":38,""y"":149,""width"":77,""height"":89}","{""fruta"":""mango""}"
Mango008.png,111641,"{}",3,0,"{""name"":""rect"",""x"":94,""y"":128,""width"":94,""height"":85}","{""fruta"":""mango""}"
Mango008.png,111641,"{}",3,1,"{""name"":""rect"",""x"":60,""y"":44,""width"":106,""height"":68}","{""fruta"":""mango""}"
Mango008.png,111641,"{}",3,2,"{""name"":""rect"",""x"":219,""y"":35,""width"":80,""height"":88}","{""fruta"":""mango""}"
Mango009.png,94876,"{}",3,0,"{""name"":""rect"",""x"":185,""y"":65,""width"":84,""height"":121}","{""fruta"":""mango""}"
Mango009.png,94876,"{}",3,1,"{""name"":""rect"",""x"":195,""y"":2,""width"":84,""height"":71}","{""fruta"":""mango""}"
Mango009.png,94876,"{}",3,2,"{""name"":""rect"",""x"":115,""y"":2,""width"":90,""height"":61}","{""fruta"":""mango""}"
Mango0010.png,120830,"{}",4,0,"{""name"":""rect"",""x"":150,""y"":88,""width"":100,""height"":78}","{""fruta"":""mango""}"
Mango0010.png,120830,"{}",4,1,"{""name"":""rect"",""x"":57,""y"":112,""width"":102,""height"":100}","{""fruta"":""mango""}"
Mango0010.png,120830,"{}",4,2,"{""name"":""rect"",""x"":5,""y"":19,""width"":104,""height"":148}","{""fruta"":""mango""}"
Mango0010.png,120830,"{}",4,3,"{""name"":""rect"",""x"":234,""y"":96,""width"":76,""height"":133}","{""fruta"":""mango""}"
Muskmelon 001.png,101332,"{}",2,0,"{""name"":""rect"",""x"":102,""y"":16,""width"":84,""height"":102}","{""fruta"":""melon""}"
Muskmelon 001.png,101332,"{}",2,1,"{""name"":""rect"",""x"":176,""y"":58,""width"":81,""height"":78}","{""fruta"":""melon""}"
Muskmelon 002.png,117368,"{}",2,0,"{""name"":""rect"",""x"":206,""y"":86,""width"":95,""height"":104}","{""fruta"":""melon""}"
Muskmelon 002.png,117368,"{}",2,1,"{""name"":""rect"",""x"":96,""y"":0,""width"":90,""height"":100}","{""fruta"":""melon""}"
Muskmelon 003.png,108149,"{}",2,0,"{""name"":""rect"",""x"":31,""y"":121,""width"":124,""height"":116}","{""fruta"":""melon""}"
Muskmelon 003.png,108149,"{}",2,1,"{""name"":""rect"",""x"":8,""y"":6,""width"":108,""height"":113}","{""fruta"":""melon""}"
Muskmelon 004.png,133301,"{}",2,0,"{""name"":""rect"",""x"":40,""y"":88,""width"":106,""height"":116}","{""fruta"":""melon""}"
Muskmelon 004.png,133301,"{}",2,1,"{""name"":""rect"",""x"":129,""y"":115,""width"":103,""height"":126}","{""fruta"":""melon""}"
Muskmelon 005.png,107608,"{}",2,0,"{""name"":""rect"",""x"":88,""y"":103,""width"":129,""height"":110}","{""fruta"":""melon""}"
Muskmelon 005.png,107608,"{}",2,1,"{""name"":""rect"",""x"":12,""y"":2,""width"":133,""height"":86}","{""fruta"":""melon""}"
Muskmelon 006.png,89672,"{}",2,0,"{""name"":""rect"",""x"":75,""y"":91,""width"":95,""height"":119}","{""fruta"":""melon""}"
Muskmelon 006.png,89672,"{}",2,1,"{""name"":""rect"",""x"":6,""y"":24,""width"":89,""height"":98}","{""fruta"":""melon""}"
Muskmelon 007.png,107243,"{}",2,0,"{""name"":""rect"",""x"":8,""y"":113,""width"":117,""height"":99}","{""fruta"":""melon""}"
Muskmelon 007.png,107243,"{}",2,1,"{""name"":""rect"",""x"":1,""y"":26,""width"":81,""height"":82}","{""fruta"":""melon""}"
Muskmelon 008.png,106072,"{}",2,0,"{""name"":""rect"",""x"":114,""y"":57,""width"":126,""height"":112}","{""fruta"":""melon""}"
Muskmelon 008.png,106072,"{}",2,1,"{""name"":""rect"",""x"":98,""y"":4,""width"":96,""height"":39}","{""fruta"":""melon""}"
Muskmelon 009.png,101053,"{}",2,0,"{""name"":""rect"",""x"":155,""y"":80,""width"":122,""height"":89}","{""fruta"":""melon""}"
Muskmelon 009.png,101053,"{}",2,1,"{""name"":""rect"",""x"":1,""y"":116,""width"":73,""height"":92}","{""fruta"":""melon""}"
Muskmelon 0010.png,118905,"{}",2,0,"{""name"":""rect"",""x"":121,""y"":46,""width"":80,""height"":103}","{""fruta"":""melon""}"
Muskmelon 0010.png,118905,"{}",2,1,"{""name"":""rect"",""x"":186,""y"":140,""width"":87,""height"":89}","{""fruta"":""melon""}"
Orange001.png,98486,"{}",4,0,"{""name"":""rect"",""x"":100,""y"":63,""width"":60,""height"":78}","{""fruta"":""naranja""}"
Orange001.png,98486,"{}",4,1,"{""name"":""rect"",""x"":54,""y"":168,""width"":69,""height"":85}","{""fruta"":""naranja""}"
Orange001.png,98486,"{}",4,2,"{""name"":""rect"",""x"":129,""y"":196,""width"":72,""height"":58}","{""fruta"":""naranja""}"
Orange001.png,98486,"{}",4,3,"{""name"":""rect"",""x"":199,""y"":205,""width"":72,""height"":52}","{""fruta"":""naranja""}"
Orange002.png,170477,"{}",2,0,"{""name"":""rect"",""x"":84,""y"":60,""width"":124,""height"":123}","{""fruta"":""naranja""}"
Orange002.png,170477,"{}",2,1,"{""name"":""rect"",""x"":132,""y"":4,""width"":118,""height"":58}","{""fruta"":""naranja""}"
Orange003.png,129098,"{}",4,0,"{""name"":""rect"",""x"":146,""y"":87,""width"":90,""height"":79}","{""fruta"":""naranja""}"
Orange003.png,129098,"{}",4,1,"{""name"":""rect"",""x"":69,""y"":124,""width"":90,""height"":64}","{""fruta"":""naranja""}"
Orange003.png,129098,"{}",4,2,"{""name"":""rect"",""x"":84,""y"":43,""width"":80,""height"":62}","{""fruta"":""naranja""}"
Orange003.png,129098,"{}",4,3,"{""name"":""rect"",""x"":105,""y"":1,""width"":73,""height"":38}","{""fruta"":""naranja""}"
Orange004.png,109198,"{}",4,0,"{""name"":""rect"",""x"":160,""y"":150,""width"":101,""height"":60}","{""fruta"":""naranja""}"
Orange004.png,109198,"{}",4,1,"{""name"":""rect"",""x"":81,""y"":123,""width"":83,""height"":75}","{""fruta"":""naranja""}"
Orange004.png,109198,"{}",4,2,"{""name"":""rect"",""x"":13,""y"":110,""width"":84,""height"":56}","{""fruta"":""naranja""}"
Orange004.png,109198,"{}",4,3,"{""name"":""rect"",""x"":5,""y"":150,""width"":31,""height"":47}","{""fruta"":""naranja""}"
Orange005.png,114279,"{}",4,0,"{""name"":""rect"",""x"":52,""y"":173,""width"":65,""height"":79}","{""fruta"":""naranja""}"
Orange005.png,114279,"{}",4,1,"{""name"":""rect"",""x"":121,""y"":129,""width"":49,""height"":102}","{""fruta"":""naranja""}"
Orange005.png,114279,"{}",4,2,"{""name"":""rect"",""x"":163,""y"":92,""width"":57,""height"":87}","{""fruta"":""naranja""}"
Orange005.png,114279,"{}",4,3,"{""name"":""rect"",""x"":221,""y"":132,""width"":62,""height"":82}","{""fruta"":""naranja""}"
Orange006.png,108285,"{}",4,0,"{""name"":""rect"",""x"":108,""y"":104,""width"":73,""height"":97}","{""fruta"":""naranja""}"
Orange006.png,108285,"{}",4,1,"{""name"":""rect"",""x"":182,""y"":73,""width"":68,""height"":100}","{""fruta"":""naranja""}"
Orange006.png,108285,"{}",4,2,"{""name"":""rect"",""x"":68,""y"":13,""width"":57,""height"":80}","{""fruta"":""naranja""}"
Orange006.png,108285,"{}",4,3,"{""name"":""rect"",""x"":209,""y"":3,""width"":73,""height"":57}","{""fruta"":""naranja""}"
Orange007.png,99521,"{}",4,0,"{""name"":""rect"",""x"":160,""y"":100,""width"":109,""height"":89}","{""fruta"":""naranja""}"
Orange007.png,99521,"{}",4,1,"{""name"":""rect"",""x"":67,""y"":31,""width"":88,""height"":84}","{""fruta"":""naranja""}"
Orange007.png,99521,"{}",4,2,"{""name"":""rect"",""x"":0,""y"":135,""width"":58,""height"":85}","{""fruta"":""naranja""}"
Orange007.png,99521,"{}",4,3,"{""name"":""rect"",""x"":239,""y"":207,""width"":81,""height"":44}","{""fruta"":""naranja""}"
Orange008.png,99170,"{}",3,0,"{""name"":""rect"",""x"":129,""y"":146,""width"":92,""height"":92}","{""fruta"":""naranja""}"
Orange008.png,99170,"{}",3,1,"{""name"":""rect"",""x"":76,""y"":86,""width"":83,""height"":86}","{""fruta"":""naranja""}"
Orange008.png,99170,"{}",3,2,"{""name"":""rect"",""x"":36,""y"":165,""width"":96,""height"":86}","{""fruta"":""naranja""}"
Orange009.png,106884,"{}",4,0,"{""name"":""rect"",""x"":79,""y"":136,""width"":72,""height"":81}","{""fruta"":""naranja""}"
Orange009.png,106884,"{}",4,1,"{""name"":""rect"",""x"":25,""y"":90,""width"":66,""height"":86}","{""fruta"":""naranja""}"
Orange009.png,106884,"{}",4,2,"{""name"":""rect"",""x"":124,""y"":7,""width"":53,""height"":78}","{""fruta"":""naranja""}"
Orange009.png,106884,"{}",4,3,"{""name"":""rect"",""x"":46,""y"":2,""width"":55,""height"":62}","{""fruta"":""naranja""}"
Orange0010.png,107986,"{}",4,0,"{""name"":""rect"",""x"":158,""y"":140,""width"":86,""height"":61}","{""fruta"":""naranja""}"
Orange0010.png,107986,"{}",4,1,"{""name"":""rect"",""x"":90,""y"":127,""width"":62,""height"":76}","{""fruta"":""naranja""}"
Orange0010.png,107986,"{}",4,2,"{""name"":""rect"",""x"":50,""y"":56,""width"":70,""height"":69}","{""fruta"":""naranja""}"
Orange0010.png,107986,"{}",4,3,"{""name"":""rect"",""x"":0,""y"":53,""width"":51,""height"":63}","{""fruta"":""naranja""}"
Peach001.png,212791,"{}",9,0,"{""name"":""rect"",""x"":138,""y"":162,""width"":113,""height"":109}","{""fruta"":""durazno""}"
Peach001.png,212791,"{}",9,1,"{""name"":""rect"",""x"":262,""y"":59,""width"":124,""height"":85}","{""fruta"":""durazno""}"
Peach001.png,212791,"{}",9,2,"{""name"":""rect"",""x"":77,""y"":97,""width"":108,""height"":90}","{""fruta"":""durazno""}"
Peach001.png,212791,"{}",9,3,"{""name"":""rect"",""x"":261,""y"":203,""width"":112,""height"":99}","{""fruta"":""durazno""}"
Peach001.png,212791,"{}",9,4,"{""name"":""rect"",""x"":419,""y"":109,""width"":59,""height"":93}","{""fruta"":""durazno""}"
Peach001.png,212791,"{}",9,5,"{""name"":""rect"",""x"":357,""y"":31,""width"":98,""height"":77}","{""fruta"":""durazno""}"
Peach001.png,212791,"{}",9,6,"{""name"":""rect"",""x"":201,""y"":106,""width"":109,""height"":89}","{""fruta"":""durazno""}"
Peach001.png,212791,"{}",9,7,"{""name"":""rect"",""x"":307,""y"":120,""width"":108,""height"":86}","{""fruta"":""durazno""}"
Peach001.png,212791,"{}",9,8,"{""name"":""rect"",""x"":208,""y"":4,""width"":98,""height"":44}","{""fruta"":""durazno""}"
Peach002.png,180831,"{}",10,0,"{""name"":""rect"",""x"":191,""y"":65,""width"":87,""height"":76}","{""fruta"":""durazno""}"
Peach002.png,180831,"{}",10,1,"{""name"":""rect"",""x"":103,""y"":30,""width"":88,""height"":72}","{""fruta"":""durazno""}"
Peach002.png,180831,"{}",10,2,"{""name"":""rect"",""x"":118,""y"":117,""width"":100,""height"":79}","{""fruta"":""durazno""}"
Peach002.png,180831,"{}",10,3,"{""name"":""rect"",""x"":37,""y"":176,""width"":81,""height"":87}","{""fruta"":""durazno""}"
Peach002.png,180831,"{}",10,4,"{""name"":""rect"",""x"":280,""y"":111,""width"":92,""height"":87}","{""fruta"":""durazno""}"
Peach002.png,180831,"{}",10,5,"{""name"":""rect"",""x"":201,""y"":167,""width"":111,""height"":98}","{""fruta"":""durazno""}"
Peach002.png,180831,"{}",10,6,"{""name"":""rect"",""x"":114,""y"":204,""width"":105,""height"":89}","{""fruta"":""durazno""}"
Peach002.png,180831,"{}",10,7,"{""name"":""rect"",""x"":3,""y"":76,""width"":95,""height"":85}","{""fruta"":""durazno""}"
Peach002.png,180831,"{}",10,8,"{""name"":""rect"",""x"":286,""y"":13,""width"":82,""height"":80}","{""fruta"":""durazno""}"
Peach002.png,180831,"{}",10,9,"{""name"":""rect"",""x"":214,""y"":0,""width"":82,""height"":67}","{""fruta"":""durazno""}"
Peach003.png,211540,"{}",6,0,"{""name"":""rect"",""x"":163,""y"":50,""width"":119,""height"":108}","{""fruta"":""durazno""}"
Peach003.png,211540,"{}",6,1,"{""name"":""rect"",""x"":50,""y"":62,""width"":128,""height"":108}","{""fruta"":""durazno""}"
Peach003.png,211540,"{}",6,2,"{""name"":""rect"",""x"":107,""y"":173,""width"":127,""height"":123}","{""fruta"":""durazno""}"
Peach003.png,211540,"{}",6,3,"{""name"":""rect"",""x"":196,""y"":127,""width"":128,""height"":112}","{""fruta"":""durazno""}"
Peach003.png,211540,"{}",6,4,"{""name"":""rect"",""x"":226,""y"":243,""width"":137,""height"":75}","{""fruta"":""durazno""}"
Peach003.png,211540,"{}",6,5,"{""name"":""rect"",""x"":3,""y"":104,""width"":135,""height"":113}","{""fruta"":""durazno""}"
Peach004.png,196828,"{}",9,0,"{""name"":""rect"",""x"":140,""y"":101,""width"":107,""height"":96}","{""fruta"":""durazno""}"
Peach004.png,196828,"{}",9,1,"{""name"":""rect"",""x"":260,""y"":156,""width"":117,""height"":121}","{""fruta"":""durazno""}"
Peach004.png,196828,"{}",9,2,"{""name"":""rect"",""x"":301,""y"":26,""width"":118,""height"":115}","{""fruta"":""durazno""}"
Peach004.png,196828,"{}",9,3,"{""name"":""rect"",""x"":224,""y"":17,""width"":105,""height"":118}","{""fruta"":""durazno""}"
Peach004.png,196828,"{}",9,4,"{""name"":""rect"",""x"":108,""y"":200,""width"":129,""height"":101}","{""fruta"":""durazno""}"
Peach004.png,196828,"{}",9,5,"{""name"":""rect"",""x"":7,""y"":104,""width"":106,""height"":98}","{""fruta"":""durazno""}"
Peach004.png,196828,"{}",9,6,"{""name"":""rect"",""x"":29,""y"":12,""width"":111,""height"":88}","{""fruta"":""durazno""}"
Peach004.png,196828,"{}",9,7,"{""name"":""rect"",""x"":161,""y"":9,""width"":110,""height"":75}","{""fruta"":""durazno""}"
Peach004.png,196828,"{}",9,8,"{""name"":""rect"",""x"":4,""y"":212,""width"":106,""height"":107}","{""fruta"":""durazno""}"
Peach005.png,180313,"{}",9,0,"{""name"":""rect"",""x"":224,""y"":85,""width"":89,""height"":83}","{""fruta"":""durazno""}"
Peach005.png,180313,"{}",9,1,"{""name"":""rect"",""x"":358,""y"":83,""width"":97,""height"":82}","{""fruta"":""durazno""}"
Peach005.png,180313,"{}",9,2,"{""name"":""rect"",""x"":289,""y"":32,""width"":76,""height"":62}","{""fruta"":""durazno""}"
Peach005.png,180313,"{}",9,3,"{""name"":""rect"",""x"":150,""y"":65,""width"":81,""height"":62}","{""fruta"":""durazno""}"
Peach005.png,180313,"{}",9,4,"{""name"":""rect"",""x"":178,""y"":144,""width"":88,""height"":83}","{""fruta"":""durazno""}"
Peach005.png,180313,"{}",9,5,"{""name"":""rect"",""x"":337,""y"":200,""width"":101,""height"":90}","{""fruta"":""durazno""}"
Peach005.png,180313,"{}",9,6,"{""name"":""rect"",""x"":271,""y"":145,""width"":78,""height"":95}","{""fruta"":""durazno""}"
Peach005.png,180313,"{}",9,7,"{""name"":""rect"",""x"":137,""y"":6,""width"":88,""height"":59}","{""fruta"":""durazno""}"
Peach005.png,180313,"{}",9,8,"{""name"":""rect"",""x"":220,""y"":29,""width"":83,""height"":60}","{""fruta"":""durazno""}"
Peach006.png,203253,"{}",3,0,"{""name"":""rect"",""x"":168,""y"":97,""width"":107,""height"":100}","{""fruta"":""durazno""}"
Peach006.png,203253,"{}",3,1,"{""name"":""rect"",""x"":219,""y"":29,""width"":99,""height"":94}","{""fruta"":""durazno""}"
Peach006.png,203253,"{}",3,2,"{""name"":""rect"",""x"":279,""y"":115,""width"":86,""height"":104}","{""fruta"":""durazno""}"
Peach007.png,180896,"{}",10,0,"{""name"":""rect"",""x"":112,""y"":185,""width"":141,""height"":82}","{""fruta"":""durazno""}"
Peach007.png,180896,"{}",10,1,"{""name"":""rect"",""x"":44,""y"":96,""width"":134,""height"":82}","{""fruta"":""durazno""}"
Peach007.png,180896,"{}",10,2,"{""name"":""rect"",""x"":71,""y"":23,""width"":111,""height"":68}","{""fruta"":""durazno""}"
Peach007.png,180896,"{}",10,3,"{""name"":""rect"",""x"":128,""y"":66,""width"":149,""height"":87}","{""fruta"":""durazno""}"
Peach007.png,180896,"{}",10,4,"{""name"":""rect"",""x"":262,""y"":86,""width"":132,""height"":97}","{""fruta"":""durazno""}"
Peach007.png,180896,"{}",10,5,"{""name"":""rect"",""x"":284,""y"":174,""width"":124,""height"":80}","{""fruta"":""durazno""}"
Peach007.png,180896,"{}",10,6,"{""name"":""rect"",""x"":248,""y"":11,""width"":115,""height"":78}","{""fruta"":""durazno""}"
Peach007.png,180896,"{}",10,7,"{""name"":""rect"",""x"":356,""y"":4,""width"":121,""height"":77}","{""fruta"":""durazno""}"
Peach007.png,180896,"{}",10,8,"{""name"":""rect"",""x"":426,""y"":160,""width"":53,""height"":72}","{""fruta"":""durazno""}"
Peach007.png,180896,"{}",10,9,"{""name"":""rect"",""x"":418,""y"":69,""width"":60,""height"":79}","{""fruta"":""durazno""}"
Peach008.png,194107,"{}",7,0,"{""name"":""rect"",""x"":168,""y"":200,""width"":125,""height"":94}","{""fruta"":""durazno""}"
Peach008.png,194107,"{}",7,1,"{""name"":""rect"",""x"":57,""y"":54,""width"":128,""height"":118}","{""fruta"":""durazno""}"
Peach008.png,194107,"{}",7,2,"{""name"":""rect"",""x"":339,""y"":75,""width"":124,""height"":99}","{""fruta"":""durazno""}"
Peach008.png,194107,"{}",7,3,"{""name"":""rect"",""x"":181,""y"":55,""width"":125,""height"":112}","{""fruta"":""durazno""}"
Peach008.png,194107,"{}",7,4,"{""name"":""rect"",""x"":17,""y"":149,""width"":112,""height"":113}","{""fruta"":""durazno""}"
Peach008.png,194107,"{}",7,5,"{""name"":""rect"",""x"":276,""y"":133,""width"":119,""height"":129}","{""fruta"":""durazno""}"
Peach008.png,194107,"{}",7,6,"{""name"":""rect"",""x"":371,""y"":185,""width"":105,""height"":109}","{""fruta"":""durazno""}"
Peach009.png,185980,"{}",6,0,"{""name"":""rect"",""x"":151,""y"":164,""width"":115,""height"":106}","{""fruta"":""durazno""}"
Peach009.png,185980,"{}",6,1,"{""name"":""rect"",""x"":89,""y"":92,""width"":86,""height"":95}","{""fruta"":""durazno""}"
Peach009.png,185980,"{}",6,2,"{""name"":""rect"",""x"":180,""y"":60,""width"":82,""height"":100}","{""fruta"":""durazno""}"
Peach009.png,185980,"{}",6,3,"{""name"":""rect"",""x"":238,""y"":141,""width"":101,""height"":84}","{""fruta"":""durazno""}"
Peach009.png,185980,"{}",6,4,"{""name"":""rect"",""x"":267,""y"":39,""width"":97,""height"":103}","{""fruta"":""durazno""}"
Peach009.png,185980,"{}",6,5,"{""name"":""rect"",""x"":165,""y"":4,""width"":93,""height"":65}","{""fruta"":""durazno""}"
Peach0010.png,191738,"{}",8,0,"{""name"":""rect"",""x"":178,""y"":110,""width"":104,""height"":111}","{""fruta"":""durazno""}"
Peach0010.png,191738,"{}",8,1,"{""name"":""rect"",""x"":271,""y"":184,""width"":99,""height"":100}","{""fruta"":""durazno""}"
Peach0010.png,191738,"{}",8,2,"{""name"":""rect"",""x"":81,""y"":113,""width"":104,""height"":125}","{""fruta"":""durazno""}"
Peach0010.png,191738,"{}",8,3,"{""name"":""rect"",""x"":18,""y"":56,""width"":96,""height"":105}","{""fruta"":""durazno""}"
Peach0010.png,191738,"{}",8,4,"{""name"":""rect"",""x"":234,""y"":38,""width"":92,""height"":107}","{""fruta"":""durazno""}"
Peach0010.png,191738,"{}",8,5,"{""name"":""rect"",""x"":348,""y"":101,""width"":82,""height"":117}","{""fruta"":""durazno""}"
Peach0010.png,191738,"{}",8,6,"{""name"":""rect"",""x"":319,""y"":7,""width"":98,""height"":93}","{""fruta"":""durazno""}"
Peach0010.png,191738,"{}",8,7,"{""name"":""rect"",""x"":126,""y"":7,""width"":90,""height"":91}","{""fruta"":""durazno""}"
Pear 1.png,126491,"{}",5,0,"{""name"":""rect"",""x"":82,""y"":94,""width"":81,""height"":96}","{""fruta"":""pera""}"
Pear 1.png,126491,"{}",5,1,"{""name"":""rect"",""x"":170,""y"":118,""width"":94,""height"":94}","{""fruta"":""pera""}"
Pear 1.png,126491,"{}",5,2,"{""name"":""rect"",""x"":171,""y"":17,""width"":82,""height"":98}","{""fruta"":""pera""}"
Pear 1.png,126491,"{}",5,3,"{""name"":""rect"",""x"":15,""y"":32,""width"":77,""height"":79}","{""fruta"":""pera""}"
Pear 1.png,126491,"{}",5,4,"{""name"":""rect"",""x"":15,""y"":98,""width"":63,""height"":81}","{""fruta"":""pera""}"
Pear 2.png,126219,"{}",5,0,"{""name"":""rect"",""x"":49,""y"":136,""width"":79,""height"":88}","{""fruta"":""pera""}"
Pear 2.png,126219,"{}",5,1,"{""name"":""rect"",""x"":137,""y"":105,""width"":76,""height"":80}","{""fruta"":""pera""}"
Pear 2.png,126219,"{}",5,2,"{""name"":""rect"",""x"":208,""y"":60,""width"":71,""height"":82}","{""fruta"":""pera""}"
Pear 2.png,126219,"{}",5,3,"{""name"":""rect"",""x"":108,""y"":7,""width"":70,""height"":80}","{""fruta"":""pera""}"
Pear 2.png,126219,"{}",5,4,"{""name"":""rect"",""x"":66,""y"":73,""width"":83,""height"":74}","{""fruta"":""pera""}"
Pear 3.png,128327,"{}",6,0,"{""name"":""rect"",""x"":76,""y"":69,""width"":77,""height"":79}","{""fruta"":""pera""}"
Pear 3.png,128327,"{}",6,1,"{""name"":""rect"",""x"":208,""y"":23,""width"":75,""height"":77}","{""fruta"":""pera""}"
Pear 3.png,128327,"{}",6,2,"{""name"":""rect"",""x"":241,""y"":81,""width"":63,""height"":75}","{""fruta"":""pera""}"
Pear 3.png,128327,"{}",6,3,"{""name"":""rect"",""x"":149,""y"":128,""width"":70,""height"":73}","{""fruta"":""pera""}"
Pear 3.png,128327,"{}",6,4,"{""name"":""rect"",""x"":64,""y"":142,""width"":73,""height"":83}","{""fruta"":""pera""}"
Pear 3.png,128327,"{}",6,5,"{""name"":""rect"",""x"":10,""y"":66,""width"":70,""height"":87}","{""fruta"":""pera""}"
Pear 4.png,128932,"{}",6,0,"{""name"":""rect"",""x"":66,""y"":125,""width"":67,""height"":81}","{""fruta"":""pera""}"
Pear 4.png,128932,"{}",6,1,"{""name"":""rect"",""x"":241,""y"":49,""width"":70,""height"":77}","{""fruta"":""pera""}"
Pear 4.png,128932,"{}",6,2,"{""name"":""rect"",""x"":200,""y"":104,""width"":87,""height"":88}","{""fruta"":""pera""}"
Pear 4.png,128932,"{}",6,3,"{""name"":""rect"",""x"":114,""y"":80,""width"":67,""height"":85}","{""fruta"":""pera""}"
Pear 4.png,128932,"{}",6,4,"{""name"":""rect"",""x"":51,""y"":36,""width"":65,""height"":86}","{""fruta"":""pera""}"
Pear 4.png,128932,"{}",6,5,"{""name"":""rect"",""x"":105,""y"":28,""width"":84,""height"":52}","{""fruta"":""pera""}"
Pear 5.png,122049,"{}",2,0,"{""name"":""rect"",""x"":107,""y"":127,""width"":86,""height"":85}","{""fruta"":""pera""}"
Pear 5.png,122049,"{}",2,1,"{""name"":""rect"",""x"":194,""y"":57,""width"":65,""height"":75}","{""fruta"":""pera""}"
Pear 6.png,122672,"{}",3,0,"{""name"":""rect"",""x"":209,""y"":119,""width"":85,""height"":81}","{""fruta"":""pera""}"
Pear 6.png,122672,"{}",3,1,"{""name"":""rect"",""x"":123,""y"":144,""width"":76,""height"":83}","{""fruta"":""pera""}"
Pear 6.png,122672,"{}",3,2,"{""name"":""rect"",""x"":11,""y"":7,""width"":90,""height"":68}","{""fruta"":""pera""}"
Pear 7.png,120491,"{}",2,0,"{""name"":""rect"",""x"":72,""y"":109,""width"":76,""height"":86}","{""fruta"":""pera""}"
Pear 7.png,120491,"{}",2,1,"{""name"":""rect"",""x"":155,""y"":55,""width"":86,""height"":89}","{""fruta"":""pera""}"
Pear 8.png,122898,"{}",3,0,"{""name"":""rect"",""x"":151,""y"":107,""width"":85,""height"":79}","{""fruta"":""pera""}"
Pear 8.png,122898,"{}",3,1,"{""name"":""rect"",""x"":117,""y"":13,""width"":82,""height"":82}","{""fruta"":""pera""}"
Pear 8.png,122898,"{}",3,2,"{""name"":""rect"",""x"":70,""y"":113,""width"":66,""height"":72}","{""fruta"":""pera""}"
Pear 9.png,126074,"{}",5,0,"{""name"":""rect"",""x"":11,""y"":102,""width"":72,""height"":74}","{""fruta"":""pera""}"
Pear 9.png,126074,"{}",5,1,"{""name"":""rect"",""x"":176,""y"":132,""width"":80,""height"":78}","{""fruta"":""pera""}"
Pear 9.png,126074,"{}",5,2,"{""name"":""rect"",""x"":180,""y"":35,""width"":73,""height"":68}","{""fruta"":""pera""}"
Pear 9.png,126074,"{}",5,3,"{""name"":""rect"",""x"":108,""y"":13,""width"":66,""height"":88}","{""fruta"":""pera""}"
Pear 9.png,126074,"{}",5,4,"{""name"":""rect"",""x"":15,""y"":41,""width"":78,""height"":63}","{""fruta"":""pera""}"
Pear 10.png,126069,"{}",5,0,"{""name"":""rect"",""x"":86,""y"":76,""width"":69,""height"":77}","{""fruta"":""pera""}"
Pear 10.png,126069,"{}",5,1,"{""name"":""rect"",""x"":99,""y"":5,""width"":60,""height"":81}","{""fruta"":""pera""}"
Pear 10.png,126069,"{}",5,2,"{""name"":""rect"",""x"":171,""y"":40,""width"":70,""height"":65}","{""fruta"":""pera""}"
Pear 10.png,126069,"{}",5,3,"{""name"":""rect"",""x"":135,""y"":156,""width"":76,""height"":82}","{""fruta"":""pera""}"
Pear 10.png,126069,"{}",5,4,"{""name"":""rect"",""x"":186,""y"":89,""width"":62,""height"":82}","{""fruta"":""pera""}"
Persimmon1.png,104687,"{}",8,0,"{""name"":""rect"",""x"":102,""y"":78,""width"":59,""height"":56}","{""fruta"":""caqui""}"
Persimmon1.png,104687,"{}",8,1,"{""name"":""rect"",""x"":12,""y"":83,""width"":44,""height"":50}","{""fruta"":""caqui""}"
Persimmon1.png,104687,"{}",8,2,"{""name"":""rect"",""x"":2,""y"":32,""width"":54,""height"":40}","{""fruta"":""caqui""}"
Persimmon1.png,104687,"{}",8,3,"{""name"":""rect"",""x"":155,""y"":71,""width"":34,""height"":41}","{""fruta"":""caqui""}"
Persimmon1.png,104687,"{}",8,4,"{""name"":""rect"",""x"":97,""y"":116,""width"":43,""height"":52}","{""fruta"":""caqui""}"
Persimmon1.png,104687,"{}",8,5,"{""name"":""rect"",""x"":4,""y"":130,""width"":42,""height"":55}","{""fruta"":""caqui""}"
Persimmon1.png,104687,"{}",8,6,"{""name"":""rect"",""x"":135,""y"":108,""width"":42,""height"":45}","{""fruta"":""caqui""}"
Persimmon1.png,104687,"{}",8,7,"{""name"":""rect"",""x"":21,""y"":4,""width"":49,""height"":33}","{""fruta"":""caqui""}"
Persimmon2.png,123925,"{}",8,0,"{""name"":""rect"",""x"":84,""y"":67,""width"":50,""height"":68}","{""fruta"":""caqui""}"
Persimmon2.png,123925,"{}",8,1,"{""name"":""rect"",""x"":172,""y"":89,""width"":53,""height"":59}","{""fruta"":""caqui""}"
Persimmon2.png,123925,"{}",8,2,"{""name"":""rect"",""x"":89,""y"":143,""width"":48,""height"":50}","{""fruta"":""caqui""}"
Persimmon2.png,123925,"{}",8,3,"{""name"":""rect"",""x"":197,""y"":58,""width"":52,""height"":67}","{""fruta"":""caqui""}"
Persimmon2.png,123925,"{}",8,4,"{""name"":""rect"",""x"":211,""y"":122,""width"":56,""height"":53}","{""fruta"":""caqui""}"
Persimmon2.png,123925,"{}",8,5,"{""name"":""rect"",""x"":178,""y"":180,""width"":59,""height"":53}","{""fruta"":""caqui""}"
Persimmon2.png,123925,"{}",8,6,"{""name"":""rect"",""x"":138,""y"":126,""width"":31,""height"":47}","{""fruta"":""caqui""}"
Persimmon2.png,123925,"{}",8,7,"{""name"":""rect"",""x"":161,""y"":139,""width"":54,""height"":43}","{""fruta"":""caqui""}"
Persimmon3.png,116696,"{}",9,0,"{""name"":""rect"",""x"":96,""y"":122,""width"":60,""height"":83}","{""fruta"":""caqui""}"
Persimmon3.png,116696,"{}",9,1,"{""name"":""rect"",""x"":217,""y"":13,""width"":55,""height"":61}","{""fruta"":""caqui""}"
Persimmon3.png,116696,"{}",9,2,"{""name"":""rect"",""x"":175,""y"":67,""width"":63,""height"":66}","{""fruta"":""caqui""}"
Persimmon3.png,116696,"{}",9,3,"{""name"":""rect"",""x"":155,""y"":111,""width"":52,""height"":82}","{""fruta"":""caqui""}"
Persimmon3.png,116696,"{}",9,4,"{""name"":""rect"",""x"":103,""y"":8,""width"":54,""height"":73}","{""fruta"":""caqui""}"
Persimmon3.png,116696,"{}",9,5,"{""name"":""rect"",""x"":68,""y"":85,""width"":55,""height"":64}","{""fruta"":""caqui""}"
Persimmon3.png,116696,"{}",9,6,"{""name"":""rect"",""x"":62,""y"":26,""width"":52,""height"":63}","{""fruta"":""caqui""}"
Persimmon3.png,116696,"{}",9,7,"{""name"":""rect"",""x"":127,""y"":54,""width"":43,""height"":69}","{""fruta"":""caqui""}"
Persimmon3.png,116696,"{}",9,8,"{""name"":""rect"",""x"":173,""y"":5,""width"":50,""height"":70}","{""fruta"":""caqui""}"
Persimmon4.png,113826,"{}",9,0,"{""name"":""rect"",""x"":109,""y"":81,""width"":40,""height"":56}","{""fruta"":""caqui""}"
Persimmon4.png,113826,"{}",9,1,"{""name"":""rect"",""x"":193,""y"":82,""width"":48,""height"":61}","{""fruta"":""caqui""}"
Persimmon4.png,113826,"{}",9,2,"{""name"":""rect"",""x"":107,""y"":173,""width"":55,""height"":66}","{""fruta"":""caqui""}"
Persimmon4.png,113826,"{}",9,3,"{""name"":""rect"",""x"":179,""y"":167,""width"":53,""height"":79}","{""fruta"":""caqui""}"
Persimmon4.png,113826,"{}",9,4,"{""name"":""rect"",""x"":227,""y"":120,""width"":56,""height"":75}","{""fruta"":""caqui""}"
Persimmon4.png,113826,"{}",9,5,"{""name"":""rect"",""x"":147,""y"":120,""width"":46,""height"":69}","{""fruta"":""caqui""}"
Persimmon4.png,113826,"{}",9,6,"{""name"":""rect"",""x"":234,""y"":199,""width"":44,""height"":54}","{""fruta"":""caqui""}"
Persimmon4.png,113826,"{}",9,7,"{""name"":""rect"",""x"":65,""y"":219,""width"":49,""height"":38}","{""fruta"":""caqui""}"
Persimmon4.png,113826,"{}",9,8,"{""name"":""rect"",""x"":42,""y"":167,""width"":35,""height"":69}","{""fruta"":""caqui""}"
Persimmon5.png,141640,"{}",9,0,"{""name"":""rect"",""x"":87,""y"":111,""width"":53,""height"":70}","{""fruta"":""caqui""}"
Persimmon5.png,141640,"{}",9,1,"{""name"":""rect"",""x"":140,""y"":118,""width"":68,""height"":66}","{""fruta"":""caqui""}"
Persimmon5.png,141640,"{}",9,2,"{""name"":""rect"",""x"":197,""y"":51,""width"":48,""height"":61}","{""fruta"":""caqui""}"
Persimmon5.png,141640,"{}",9,3,"{""name"":""rect"",""x"":120,""y"":22,""width"":53,""height"":57}","{""fruta"":""caqui""}"
Persimmon5.png,141640,"{}",9,4,"{""name"":""rect"",""x"":49,""y"":22,""width"":56,""height"":64}","{""fruta"":""caqui""}"
Persimmon5.png,141640,"{}",9,5,"{""name"":""rect"",""x"":2,""y"":71,""width"":48,""height"":94}","{""fruta"":""caqui""}"
Persimmon5.png,141640,"{}",9,6,"{""name"":""rect"",""x"":47,""y"":90,""width"":46,""height"":69}","{""fruta"":""caqui""}"
Persimmon5.png,141640,"{}",9,7,"{""name"":""rect"",""x"":57,""y"":166,""width"":69,""height"":76}","{""fruta"":""caqui""}"
Persimmon5.png,141640,"{}",9,8,"{""name"":""rect"",""x"":107,""y"":179,""width"":71,""height"":63}","{""fruta"":""caqui""}"
Persimmon6.png,109752,"{}",2,0,"{""name"":""rect"",""x"":146,""y"":5,""width"":66,""height"":82}","{""fruta"":""caqui""}"
Persimmon6.png,109752,"{}",2,1,"{""name"":""rect"",""x"":144,""y"":156,""width"":64,""height"":75}","{""fruta"":""caqui""}"
Persimmon7.png,100695,"{}",6,0,"{""name"":""rect"",""x"":158,""y"":125,""width"":43,""height"":88}","{""fruta"":""caqui""}"
Persimmon7.png,100695,"{}",6,1,"{""name"":""rect"",""x"":225,""y"":169,""width"":58,""height"":74}","{""fruta"":""caqui""}"
Persimmon7.png,100695,"{}",6,2,"{""name"":""rect"",""x"":201,""y"":165,""width"":43,""height"":75}","{""fruta"":""caqui""}"
Persimmon7.png,100695,"{}",6,3,"{""name"":""rect"",""x"":119,""y"":170,""width"":47,""height"":66}","{""fruta"":""caqui""}"
Persimmon7.png,100695,"{}",6,4,"{""name"":""rect"",""x"":109,""y"":229,""width"":56,""height"":26}","{""fruta"":""caqui""}"
Persimmon7.png,100695,"{}",6,5,"{""name"":""rect"",""x"":166,""y"":216,""width"":52,""height"":41}","{""fruta"":""caqui""}"
Persimmon8.png,123024,"{}",8,0,"{""name"":""rect"",""x"":140,""y"":118,""width"":66,""height"":72}","{""fruta"":""caqui""}"
Persimmon8.png,123024,"{}",8,1,"{""name"":""rect"",""x"":14,""y"":188,""width"":62,""height"":50}","{""fruta"":""caqui""}"
Persimmon8.png,123024,"{}",8,2,"{""name"":""rect"",""x"":101,""y"":50,""width"":61,""height"":70}","{""fruta"":""caqui""}"
Persimmon8.png,123024,"{}",8,3,"{""name"":""rect"",""x"":242,""y"":131,""width"":63,""height"":69}","{""fruta"":""caqui""}"
Persimmon8.png,123024,"{}",8,4,"{""name"":""rect"",""x"":200,""y"":104,""width"":53,""height"":56}","{""fruta"":""caqui""}"
Persimmon8.png,123024,"{}",8,5,"{""name"":""rect"",""x"":137,""y"":79,""width"":68,""height"":52}","{""fruta"":""caqui""}"
Persimmon8.png,123024,"{}",8,6,"{""name"":""rect"",""x"":169,""y"":162,""width"":57,""height"":38}","{""fruta"":""caqui""}"
Persimmon8.png,123024,"{}",8,7,"{""name"":""rect"",""x"":107,""y"":153,""width"":60,""height"":47}","{""fruta"":""caqui""}"
Persimmon9.png,119987,"{}",11,0,"{""name"":""rect"",""x"":127,""y"":147,""width"":46,""height"":42}","{""fruta"":""caqui""}"
Persimmon9.png,119987,"{}",11,1,"{""name"":""rect"",""x"":111,""y"":95,""width"":57,""height"":52}","{""fruta"":""caqui""}"
Persimmon9.png,119987,"{}",11,2,"{""name"":""rect"",""x"":145,""y"":62,""width"":49,""height"":52}","{""fruta"":""caqui""}"
Persimmon9.png,119987,"{}",11,3,"{""name"":""rect"",""x"":195,""y"":75,""width"":50,""height"":51}","{""fruta"":""caqui""}"
Persimmon9.png,119987,"{}",11,4,"{""name"":""rect"",""x"":272,""y"":133,""width"":40,""height"":41}","{""fruta"":""caqui""}"
Persimmon9.png,119987,"{}",11,5,"{""name"":""rect"",""x"":229,""y"":154,""width"":51,""height"":52}","{""fruta"":""caqui""}"
Persimmon9.png,119987,"{}",11,6,"{""name"":""rect"",""x"":140,""y"":198,""width"":47,""height"":46}","{""fruta"":""caqui""}"
Persimmon9.png,119987,"{}",11,7,"{""name"":""rect"",""x"":171,""y"":163,""width"":69,""height"":54}","{""fruta"":""caqui""}"
Persimmon9.png,119987,"{}",11,8,"{""name"":""rect"",""x"":153,""y"":114,""width"":77,""height"":56}","{""fruta"":""caqui""}"
Persimmon9.png,119987,"{}",11,9,"{""name"":""rect"",""x"":173,""y"":218,""width"":58,""height"":39}","{""fruta"":""caqui""}"
Persimmon9.png,119987,"{}",11,10,"{""name"":""rect"",""x"":242,""y"":209,""width"":51,""height"":43}","{""fruta"":""caqui""}"
Persimmon10.png,117771,"{}",7,0,"{""name"":""rect"",""x"":94,""y"":87,""width"":52,""height"":66}","{""fruta"":""caqui""}"
Persimmon10.png,117771,"{}",7,1,"{""name"":""rect"",""x"":140,""y"":103,""width"":72,""height"":72}","{""fruta"":""caqui""}"
Persimmon10.png,117771,"{}",7,2,"{""name"":""rect"",""x"":212,""y"":94,""width"":59,""height"":85}","{""fruta"":""caqui""}"
Persimmon10.png,117771,"{}",7,3,"{""name"":""rect"",""x"":77,""y"":23,""width"":53,""height"":55}","{""fruta"":""caqui""}"
Persimmon10.png,117771,"{}",7,4,"{""name"":""rect"",""x"":26,""y"":11,""width"":50,""height"":70}","{""fruta"":""caqui""}"
Persimmon10.png,117771,"{}",7,5,"{""name"":""rect"",""x"":48,""y"":95,""width"":45,""height"":68}","{""fruta"":""caqui""}"
Persimmon10.png,117771,"{}",7,6,"{""name"":""rect"",""x"":175,""y"":37,""width"":43,""height"":66}","{""fruta"":""caqui""}"
Pitaya001.png,142381,"{}",1,0,"{""name"":""rect"",""x"":82,""y"":27,""width"":135,""height"":119}","{""fruta"":""pitahaya""}"
Pitaya002.png,141417,"{}",1,0,"{""name"":""rect"",""x"":8,""y"":90,""width"":171,""height"":135}","{""fruta"":""pitahaya""}"
Pitaya003.png,139308,"{}",2,0,"{""name"":""rect"",""x"":52,""y"":21,""width"":86,""height"":191}","{""fruta"":""pitahaya""}"
Pitaya003.png,139308,"{}",2,1,"{""name"":""rect"",""x"":145,""y"":51,""width"":160,""height"":184}","{""fruta"":""pitahaya""}"
Pitaya004.png,137663,"{}",2,0,"{""name"":""rect"",""x"":33,""y"":86,""width"":179,""height"":119}","{""fruta"":""pitahaya""}"
Pitaya004.png,137663,"{}",2,1,"{""name"":""rect"",""x"":178,""y"":47,""width"":114,""height"":174}","{""fruta"":""pitahaya""}"
Pitaya005.png,138861,"{}",2,0,"{""name"":""rect"",""x"":105,""y"":10,""width"":189,""height"":141}","{""fruta"":""pitahaya""}"
Pitaya005.png,138861,"{}",2,1,"{""name"":""rect"",""x"":96,""y"":85,""width"":173,""height"":132}","{""fruta"":""pitahaya""}"
Pitaya006.png,134558,"{}",1,0,"{""name"":""rect"",""x"":179,""y"":4,""width"":138,""height"":173}","{""fruta"":""pitahaya""}"
Pitaya007.png,142640,"{}",1,0,"{""name"":""rect"",""x"":70,""y"":34,""width"":141,""height"":188}","{""fruta"":""pitahaya""}"
Pitaya008.png,150731,"{}",2,0,"{""name"":""rect"",""x"":110,""y"":80,""width"":194,""height"":110}","{""fruta"":""pitahaya""}"
Pitaya008.png,150731,"{}",2,1,"{""name"":""rect"",""x"":6,""y"":58,""width"":86,""height"":192}","{""fruta"":""pitahaya""}"
Pitaya009.png,144502,"{}",2,0,"{""name"":""rect"",""x"":17,""y"":118,""width"":161,""height"":116}","{""fruta"":""pitahaya""}"
Pitaya009.png,144502,"{}",2,1,"{""name"":""rect"",""x"":145,""y"":84,""width"":129,""height"":120}","{""fruta"":""pitahaya""}"
Pitaya0010.png,132437,"{}",1,0,"{""name"":""rect"",""x"":156,""y"":4,""width"":135,""height"":122}","{""fruta"":""pitahaya""}"
Plum1.png,111265,"{}",1,0,"{""name"":""rect"",""x"":121,""y"":65,""width"":76,""height"":77}","{""fruta"":""ciruela""}"
Plum2.png,109771,"{}",1,0,"{""name"":""rect"",""x"":129,""y"":63,""width"":73,""height"":80}","{""fruta"":""ciruela""}"
Plum3.png,109821,"{}",1,0,"{""name"":""rect"",""x"":133,""y"":74,""width"":68,""height"":71}","{""fruta"":""ciruela""}"
Plum4.png,116422,"{}",1,0,"{""name"":""rect"",""x"":177,""y"":95,""width"":58,""height"":57}","{""fruta"":""ciruela""}"
Plum5.png,110073,"{}",1,0,"{""name"":""rect"",""x"":172,""y"":92,""width"":66,""height"":66}","{""fruta"":""ciruela""}"
Plum6.png,112261,"{}",1,0,"{""name"":""rect"",""x"":173,""y"":91,""width"":64,""height"":71}","{""fruta"":""ciruela""}"
Plum7.png,108676,"{}",1,0,"{""name"":""rect"",""x"":214,""y"":105,""width"":67,""height"":64}","{""fruta"":""ciruela""}"
Plum8.png,109523,"{}",1,0,"{""name"":""rect"",""x"":218,""y"":99,""width"":63,""height"":65}","{""fruta"":""ciruela""}"
Plum9.png,116059,"{}",1,0,"{""name"":""rect"",""x"":217,""y"":106,""width"":60,""height"":56}","{""fruta"":""ciruela""}"
Plum10.png,105004,"{}",1,0,"{""name"":""rect"",""x"":215,""y"":98,""width"":62,""height"":70}","{""fruta"":""ciruela""}"
Pomegranet001.png,122371,"{}",6,0,"{""name"":""rect"",""x"":96,""y"":82,""width"":87,""height"":103}","{""fruta"":""granada""}"
Pomegranet001.png,122371,"{}",6,1,"{""name"":""rect"",""x"":183,""y"":135,""width"":98,""height"":91}","{""fruta"":""granada""}"
Pomegranet001.png,122371,"{}",6,2,"{""name"":""rect"",""x"":259,""y"":13,""width"":59,""height"":99}","{""fruta"":""granada""}"
Pomegranet001.png,122371,"{}",6,3,"{""name"":""rect"",""x"":28,""y"":7,""width"":91,""height"":98}","{""fruta"":""granada""}"
Pomegranet001.png,122371,"{}",6,4,"{""name"":""rect"",""x"":180,""y"":6,""width"":81,""height"":88}","{""fruta"":""granada""}"
Pomegranet001.png,122371,"{}",6,5,"{""name"":""rect"",""x"":98,""y"":3,""width"":72,""height"":44}","{""fruta"":""granada""}"
Pomegranet002.png,126657,"{}",4,0,"{""name"":""rect"",""x"":44,""y"":96,""width"":121,""height"":81}","{""fruta"":""granada""}"
Pomegranet002.png,126657,"{}",4,1,"{""name"":""rect"",""x"":144,""y"":156,""width"":87,""height"":63}","{""fruta"":""granada""}"
Pomegranet002.png,126657,"{}",4,2,"{""name"":""rect"",""x"":1,""y"":95,""width"":70,""height"":93}","{""fruta"":""granada""}"
Pomegranet002.png,126657,"{}",4,3,"{""name"":""rect"",""x"":46,""y"":154,""width"":81,""height"":85}","{""fruta"":""granada""}"
Pomegranet003.png,110638,"{}",5,0,"{""name"":""rect"",""x"":12,""y"":25,""width"":79,""height"":91}","{""fruta"":""granada""}"
Pomegranet003.png,110638,"{}",5,1,"{""name"":""rect"",""x"":110,""y"":6,""width"":88,""height"":94}","{""fruta"":""granada""}"
Pomegranet003.png,110638,"{}",5,2,"{""name"":""rect"",""x"":117,""y"":80,""width"":82,""height"":90}","{""fruta"":""granada""}"
Pomegranet003.png,110638,"{}",5,3,"{""name"":""rect"",""x"":75,""y"":7,""width"":65,""height"":70}","{""fruta"":""granada""}"
Pomegranet003.png,110638,"{}",5,4,"{""name"":""rect"",""x"":169,""y"":15,""width"":66,""height"":83}","{""fruta"":""granada""}"
Pomegranet004.png,124598,"{}",7,0,"{""name"":""rect"",""x"":16,""y"":67,""width"":93,""height"":87}","{""fruta"":""granada""}"
Pomegranet004.png,124598,"{}",7,1,"{""name"":""rect"",""x"":94,""y"":48,""width"":81,""height"":63}","{""fruta"":""granada""}"
Pomegranet004.png,124598,"{}",7,2,"{""name"":""rect"",""x"":48,""y"":144,""width"":74,""height"":63}","{""fruta"":""granada""}"
Pomegranet004.png,124598,"{}",7,3,"{""name"":""rect"",""x"":191,""y"":100,""width"":85,""height"":79}","{""fruta"":""granada""}"
Pomegranet004.png,124598,"{}",7,4,"{""name"":""rect"",""x"":123,""y"":116,""width"":71,""height"":52}","{""fruta"":""granada""}"
Pomegranet004.png,124598,"{}",7,5,"{""name"":""rect"",""x"":240,""y"":35,""width"":75,""height"":70}","{""fruta"":""granada""}"
Pomegranet004.png,124598,"{}",7,6,"{""name"":""rect"",""x"":161,""y"":13,""width"":80,""height"":60}","{""fruta"":""granada""}"
Pomegranet005.png,115171,"{}",1,0,"{""name"":""rect"",""x"":89,""y"":80,""width"":95,""height"":107}","{""fruta"":""granada""}"
Pomegranet006.png,123052,"{}",4,0,"{""name"":""rect"",""x"":122,""y"":107,""width"":68,""height"":84}","{""fruta"":""granada""}"
Pomegranet006.png,123052,"{}",4,1,"{""name"":""rect"",""x"":64,""y"":36,""width"":79,""height"":86}","{""fruta"":""granada""}"
Pomegranet006.png,123052,"{}",4,2,"{""name"":""rect"",""x"":216,""y"":44,""width"":93,""height"":91}","{""fruta"":""granada""}"
Pomegranet006.png,123052,"{}",4,3,"{""name"":""rect"",""x"":190,""y"":151,""width"":91,""height"":83}","{""fruta"":""granada""}"
Pomegranet007.png,116568,"{}",5,0,"{""name"":""rect"",""x"":157,""y"":72,""width"":90,""height"":86}","{""fruta"":""granada""}"
Pomegranet007.png,116568,"{}",5,1,"{""name"":""rect"",""x"":52,""y"":97,""width"":74,""height"":82}","{""fruta"":""granada""}"
Pomegranet007.png,116568,"{}",5,2,"{""name"":""rect"",""x"":24,""y"":156,""width"":80,""height"":72}","{""fruta"":""granada""}"
Pomegranet007.png,116568,"{}",5,3,"{""name"":""rect"",""x"":159,""y"":142,""width"":86,""height"":86}","{""fruta"":""granada""}"
Pomegranet007.png,116568,"{}",5,4,"{""name"":""rect"",""x"":111,""y"":97,""width"":60,""height"":72}","{""fruta"":""granada""}"
Pomegranet008.png,122126,"{}",5,0,"{""name"":""rect"",""x"":29,""y"":151,""width"":75,""height"":65}","{""fruta"":""granada""}"
Pomegranet008.png,122126,"{}",5,1,"{""name"":""rect"",""x"":190,""y"":79,""width"":77,""height"":66}","{""fruta"":""granada""}"
Pomegranet008.png,122126,"{}",5,2,"{""name"":""rect"",""x"":122,""y"":84,""width"":80,""height"":57}","{""fruta"":""granada""}"
Pomegranet008.png,122126,"{}",5,3,"{""name"":""rect"",""x"":77,""y"":118,""width"":90,""height"":63}","{""fruta"":""granada""}"
Pomegranet008.png,122126,"{}",5,4,"{""name"":""rect"",""x"":96,""y"":178,""width"":75,""height"":69}","{""fruta"":""granada""}"
Pomegranet009.png,112192,"{}",7,0,"{""name"":""rect"",""x"":146,""y"":68,""width"":73,""height"":90}","{""fruta"":""granada""}"
Pomegranet009.png,112192,"{}",7,1,"{""name"":""rect"",""x"":34,""y"":64,""width"":86,""height"":73}","{""fruta"":""granada""}"
Pomegranet009.png,112192,"{}",7,2,"{""name"":""rect"",""x"":115,""y"":5,""width"":70,""height"":84}","{""fruta"":""granada""}"
Pomegranet009.png,112192,"{}",7,3,"{""name"":""rect"",""x"":46,""y"":142,""width"":62,""height"":77}","{""fruta"":""granada""}"
Pomegranet009.png,112192,"{}",7,4,"{""name"":""rect"",""x"":105,""y"":142,""width"":65,""height"":100}","{""fruta"":""granada""}"
Pomegranet009.png,112192,"{}",7,5,"{""name"":""rect"",""x"":17,""y"":209,""width"":82,""height"":46}","{""fruta"":""granada""}"
Pomegranet009.png,112192,"{}",7,6,"{""name"":""rect"",""x"":100,""y"":234,""width"":53,""height"":24}","{""fruta"":""granada""}"
Pomegranet0010.png,135051,"{}",5,0,"{""name"":""rect"",""x"":160,""y"":159,""width"":108,""height"":82}","{""fruta"":""granada""}"
Pomegranet0010.png,135051,"{}",5,1,"{""name"":""rect"",""x"":38,""y"":66,""width"":85,""height"":78}","{""fruta"":""granada""}"
Pomegranet0010.png,135051,"{}",5,2,"{""name"":""rect"",""x"":113,""y"":51,""width"":92,""height"":73}","{""fruta"":""granada""}"
Pomegranet0010.png,135051,"{}",5,3,"{""name"":""rect"",""x"":182,""y"":86,""width"":76,""height"":76}","{""fruta"":""granada""}"
Pomegranet0010.png,135051,"{}",5,4,"{""name"":""rect"",""x"":248,""y"":119,""width"":67,""height"":71}","{""fruta"":""granada""}"
Tamotoes001.png,202582,"{}",8,0,"{""name"":""rect"",""x"":58,""y"":91,""width"":101,""height"":95}","{""fruta"":""jitomate""}"
Tamotoes001.png,202582,"{}",8,1,"{""name"":""rect"",""x"":115,""y"":3,""width"":78,""height"":81}","{""fruta"":""jitomate""}"
Tamotoes001.png,202582,"{}",8,2,"{""name"":""rect"",""x"":199,""y"":70,""width"":76,""height"":89}","{""fruta"":""jitomate""}"
Tamotoes001.png,202582,"{}",8,3,"{""name"":""rect"",""x"":262,""y"":36,""width"":79,""height"":92}","{""fruta"":""jitomate""}"
Tamotoes001.png,202582,"{}",8,4,"{""name"":""rect"",""x"":317,""y"":97,""width"":97,""height"":104}","{""fruta"":""jitomate""}"
Tamotoes001.png,202582,"{}",8,5,"{""name"":""rect"",""x"":184,""y"":166,""width"":86,""height"":92}","{""fruta"":""jitomate""}"
Tamotoes001.png,202582,"{}",8,6,"{""name"":""rect"",""x"":187,""y"":1,""width"":103,""height"":68}","{""fruta"":""jitomate""}"
Tamotoes001.png,202582,"{}",8,7,"{""name"":""rect"",""x"":252,""y"":205,""width"":97,""height"":92}","{""fruta"":""jitomate""}"
Tamotoes002.png,93510,"{}",2,0,"{""name"":""rect"",""x"":2,""y"":51,""width"":64,""height"":86}","{""fruta"":""jitomate""}"
Tamotoes002.png,93510,"{}",2,1,"{""name"":""rect"",""x"":101,""y"":1,""width"":89,""height"":59}","{""fruta"":""jitomate""}"
Tamotoes003.png,99948,"{}",5,0,"{""name"":""rect"",""x"":84,""y"":83,""width"":50,""height"":82}","{""fruta"":""jitomate""}"
Tamotoes003.png,99948,"{}",5,1,"{""name"":""rect"",""x"":141,""y"":124,""width"":63,""height"":93}","{""fruta"":""jitomate""}"
Tamotoes003.png,99948,"{}",5,2,"{""name"":""rect"",""x"":40,""y"":18,""width"":49,""height"":96}","{""fruta"":""jitomate""}"
Tamotoes003.png,99948,"{}",5,3,"{""name"":""rect"",""x"":4,""y"":61,""width"":52,""height"":107}","{""fruta"":""jitomate""}"
Tamotoes003.png,99948,"{}",5,4,"{""name"":""rect"",""x"":76,""y"":188,""width"":76,""height"":68}","{""fruta"":""jitomate""}"
Tamotoes004.png,180603,"{}",8,0,"{""name"":""rect"",""x"":19,""y"":146,""width"":104,""height"":109}","{""fruta"":""jitomate""}"
Tamotoes004.png,180603,"{}",8,1,"{""name"":""rect"",""x"":57,""y"":39,""width"":100,""height"":85}","{""fruta"":""jitomate""}"
Tamotoes004.png,180603,"{}",8,2,"{""name"":""rect"",""x"":237,""y"":74,""width"":96,""height"":95}","{""fruta"":""jitomate""}"
Tamotoes004.png,180603,"{}",8,3,"{""name"":""rect"",""x"":181,""y"":216,""width"":104,""height"":90}","{""fruta"":""jitomate""}"
Tamotoes004.png,180603,"{}",8,4,"{""name"":""rect"",""x"":105,""y"":197,""width"":92,""height"":71}","{""fruta"":""jitomate""}"
Tamotoes004.png,180603,"{}",8,5,"{""name"":""rect"",""x"":251,""y"":169,""width"":108,""height"":90}","{""fruta"":""jitomate""}"
Tamotoes004.png,180603,"{}",8,6,"{""name"":""rect"",""x"":136,""y"":77,""width"":98,""height"":90}","{""fruta"":""jitomate""}"
Tamotoes004.png,180603,"{}",8,7,"{""name"":""rect"",""x"":175,""y"":143,""width"":106,""height"":77}","{""fruta"":""jitomate""}"
Tamotoes005.png,229150,"{}",9,0,"{""name"":""rect"",""x"":108,""y"":122,""width"":140,""height"":128}","{""fruta"":""jitomate""}"
Tamotoes005.png,229150,"{}",9,1,"{""name"":""rect"",""x"":86,""y"":15,""width"":114,""height"":141}","{""fruta"":""jitomate""}"
Tamotoes005.png,229150,"{}",9,2,"{""name"":""rect"",""x"":229,""y"":70,""width"":107,""height"":118}","{""fruta"":""jitomate""}"
Tamotoes005.png,229150,"{}",9,3,"{""name"":""rect"",""x"":312,""y"":72,""width"":80,""height"":110}","{""fruta"":""jitomate""}"
Tamotoes005.png,229150,"{}",9,4,"{""name"":""rect"",""x"":234,""y"":192,""width"":104,""height"":113}","{""fruta"":""jitomate""}"
Tamotoes005.png,229150,"{}",9,5,"{""name"":""rect"",""x"":323,""y"":223,""width"":107,""height"":93}","{""fruta"":""jitomate""}"
Tamotoes005.png,229150,"{}",9,6,"{""name"":""rect"",""x"":186,""y"":17,""width"":103,""height"":102}","{""fruta"":""jitomate""}"
Tamotoes005.png,229150,"{}",9,7,"{""name"":""rect"",""x"":405,""y"":206,""width"":73,""height"":113}","{""fruta"":""jitomate""}"
Tamotoes005.png,229150,"{}",9,8,"{""name"":""rect"",""x"":333,""y"":172,""width"":72,""height"":63}","{""fruta"":""jitomate""}"
Tamotoes006.png,210697,"{}",8,0,"{""name"":""rect"",""x"":261,""y"":110,""width"":76,""height"":98}","{""fruta"":""jitomate""}"
Tamotoes006.png,210697,"{}",8,1,"{""name"":""rect"",""x"":139,""y"":103,""width"":81,""height"":90}","{""fruta"":""jitomate""}"
Tamotoes006.png,210697,"{}",8,2,"{""name"":""rect"",""x"":86,""y"":81,""width"":99,""height"":93}","{""fruta"":""jitomate""}"
Tamotoes006.png,210697,"{}",8,3,"{""name"":""rect"",""x"":131,""y"":179,""width"":82,""height"":88}","{""fruta"":""jitomate""}"
Tamotoes006.png,210697,"{}",8,4,"{""name"":""rect"",""x"":242,""y"":201,""width"":100,""height"":91}","{""fruta"":""jitomate""}"
Tamotoes006.png,210697,"{}",8,5,"{""name"":""rect"",""x"":250,""y"":47,""width"":79,""height"":81}","{""fruta"":""jitomate""}"
Tamotoes006.png,210697,"{}",8,6,"{""name"":""rect"",""x"":202,""y"":113,""width"":68,""height"":90}","{""fruta"":""jitomate""}"
Tamotoes006.png,210697,"{}",8,7,"{""name"":""rect"",""x"":317,""y"":102,""width"":63,""height"":82}","{""fruta"":""jitomate""}"
Tamotoes007.png,189506,"{}",8,0,"{""name"":""rect"",""x"":165,""y"":116,""width"":101,""height"":118}","{""fruta"":""jitomate""}"
Tamotoes007.png,189506,"{}",8,1,"{""name"":""rect"",""x"":140,""y"":45,""width"":98,""height"":86}","{""fruta"":""jitomate""}"
Tamotoes007.png,189506,"{}",8,2,"{""name"":""rect"",""x"":234,""y"":39,""width"":79,""height"":103}","{""fruta"":""jitomate""}"
Tamotoes007.png,189506,"{}",8,3,"{""name"":""rect"",""x"":363,""y"":55,""width"":84,""height"":121}","{""fruta"":""jitomate""}"
Tamotoes007.png,189506,"{}",8,4,"{""name"":""rect"",""x"":310,""y"":131,""width"":85,""height"":147}","{""fruta"":""jitomate""}"
Tamotoes007.png,189506,"{}",8,5,"{""name"":""rect"",""x"":253,""y"":121,""width"":69,""height"":122}","{""fruta"":""jitomate""}"
Tamotoes007.png,189506,"{}",8,6,"{""name"":""rect"",""x"":389,""y"":172,""width"":88,""height"":130}","{""fruta"":""jitomate""}"
Tamotoes007.png,189506,"{}",8,7,"{""name"":""rect"",""x"":313,""y"":3,""width"":99,""height"":80}","{""fruta"":""jitomate""}"
Tamotoes008.png,201679,"{}",8,0,"{""name"":""rect"",""x"":99,""y"":67,""width"":78,""height"":74}","{""fruta"":""jitomate""}"
Tamotoes008.png,201679,"{}",8,1,"{""name"":""rect"",""x"":37,""y"":149,""width"":89,""height"":77}","{""fruta"":""jitomate""}"
Tamotoes008.png,201679,"{}",8,2,"{""name"":""rect"",""x"":118,""y"":174,""width"":109,""height"":97}","{""fruta"":""jitomate""}"
Tamotoes008.png,201679,"{}",8,3,"{""name"":""rect"",""x"":204,""y"":73,""width"":78,""height"":84}","{""fruta"":""jitomate""}"
Tamotoes008.png,201679,"{}",8,4,"{""name"":""rect"",""x"":282,""y"":92,""width"":95,""height"":71}","{""fruta"":""jitomate""}"
Tamotoes008.png,201679,"{}",8,5,"{""name"":""rect"",""x"":212,""y"":146,""width"":85,""height"":98}","{""fruta"":""jitomate""}"
Tamotoes008.png,201679,"{}",8,6,"{""name"":""rect"",""x"":275,""y"":154,""width"":100,""height"":93}","{""fruta"":""jitomate""}"
Tamotoes008.png,201679,"{}",8,7,"{""name"":""rect"",""x"":298,""y"":252,""width"":100,""height"":64}","{""fruta"":""jitomate""}"
Tamotoes009.png,201323,"{}",7,0,"{""name"":""rect"",""x"":170,""y"":92,""width"":112,""height"":79}","{""fruta"":""jitomate""}"
Tamotoes009.png,201323,"{}",7,1,"{""name"":""rect"",""x"":36,""y"":55,""width"":108,""height"":78}","{""fruta"":""jitomate""}"
Tamotoes009.png,201323,"{}",7,2,"{""name"":""rect"",""x"":45,""y"":134,""width"":98,""height"":78}","{""fruta"":""jitomate""}"
Tamotoes009.png,201323,"{}",7,3,"{""name"":""rect"",""x"":98,""y"":195,""width"":96,""height"":85}","{""fruta"":""jitomate""}"
Tamotoes009.png,201323,"{}",7,4,"{""name"":""rect"",""x"":144,""y"":23,""width"":97,""height"":83}","{""fruta"":""jitomate""}"
Tamotoes009.png,201323,"{}",7,5,"{""name"":""rect"",""x"":283,""y"":75,""width"":90,""height"":99}","{""fruta"":""jitomate""}"
Tamotoes009.png,201323,"{}",7,6,"{""name"":""rect"",""x"":255,""y"":16,""width"":111,""height"":83}","{""fruta"":""jitomate""}"
Tamotoes0010.png,110334,"{}",5,0,"{""name"":""rect"",""x"":279,""y"":100,""width"":38,""height"":72}","{""fruta"":""jitomate""}"
Tamotoes0010.png,110334,"{}",5,1,"{""name"":""rect"",""x"":115,""y"":102,""width"":98,""height"":79}","{""fruta"":""jitomate""}"
Tamotoes0010.png,110334,"{}",5,2,"{""name"":""rect"",""x"":193,""y"":71,""width"":75,""height"":75}","{""fruta"":""jitomate""}"
Tamotoes0010.png,110334,"{}",5,3,"{""name"":""rect"",""x"":100,""y"":15,""width"":74,""height"":61}","{""fruta"":""jitomate""}"
Tamotoes0010.png,110334,"{}",5,4,"{""name"":""rect"",""x"":181,""y"":4,""width"":73,""height"":64}","{""fruta"":""jitomate""}"